-- MySQL dump 10.13  Distrib 5.7.18, for Linux (x86_64)
--
-- Host: localhost    Database: degulog_development
-- ------------------------------------------------------
-- Server version	5.7.18-0ubuntu0.16.04.1

/*!40101 SET @OLD_CHARACTER_SET_CLIENT=@@CHARACTER_SET_CLIENT */;
/*!40101 SET @OLD_CHARACTER_SET_RESULTS=@@CHARACTER_SET_RESULTS */;
/*!40101 SET @OLD_COLLATION_CONNECTION=@@COLLATION_CONNECTION */;
/*!40101 SET NAMES utf8 */;
/*!40103 SET @OLD_TIME_ZONE=@@TIME_ZONE */;
/*!40103 SET TIME_ZONE='+00:00' */;
/*!40014 SET @OLD_UNIQUE_CHECKS=@@UNIQUE_CHECKS, UNIQUE_CHECKS=0 */;
/*!40014 SET @OLD_FOREIGN_KEY_CHECKS=@@FOREIGN_KEY_CHECKS, FOREIGN_KEY_CHECKS=0 */;
/*!40101 SET @OLD_SQL_MODE=@@SQL_MODE, SQL_MODE='NO_AUTO_VALUE_ON_ZERO' */;
/*!40111 SET @OLD_SQL_NOTES=@@SQL_NOTES, SQL_NOTES=0 */;

--
-- Table structure for table `ar_internal_metadata`
--

DROP TABLE IF EXISTS `ar_internal_metadata`;
/*!40101 SET @saved_cs_client     = @@character_set_client */;
/*!40101 SET character_set_client = utf8 */;
CREATE TABLE `ar_internal_metadata` (
  `key` varchar(255) NOT NULL,
  `value` varchar(255) DEFAULT NULL,
  `created_at` datetime NOT NULL,
  `updated_at` datetime NOT NULL,
  PRIMARY KEY (`key`)
) ENGINE=InnoDB DEFAULT CHARSET=utf8;
/*!40101 SET character_set_client = @saved_cs_client */;

--
-- Dumping data for table `ar_internal_metadata`
--

LOCK TABLES `ar_internal_metadata` WRITE;
/*!40000 ALTER TABLE `ar_internal_metadata` DISABLE KEYS */;
INSERT INTO `ar_internal_metadata` VALUES ('environment','development','2017-08-17 16:17:05','2017-08-17 16:17:05');
/*!40000 ALTER TABLE `ar_internal_metadata` ENABLE KEYS */;
UNLOCK TABLES;

--
-- Table structure for table `boughts`
--

DROP TABLE IF EXISTS `boughts`;
/*!40101 SET @saved_cs_client     = @@character_set_client */;
/*!40101 SET character_set_client = utf8 */;
CREATE TABLE `boughts` (
  `id` bigint(20) NOT NULL AUTO_INCREMENT,
  `amount` int(11) DEFAULT NULL,
  `comment` varchar(255) DEFAULT NULL,
  `place` varchar(255) DEFAULT NULL,
  `date` date DEFAULT NULL,
  `created_at` datetime NOT NULL,
  `updated_at` datetime NOT NULL,
  PRIMARY KEY (`id`)
) ENGINE=InnoDB AUTO_INCREMENT=171 DEFAULT CHARSET=utf8;
/*!40101 SET character_set_client = @saved_cs_client */;

--
-- Dumping data for table `boughts`
--

LOCK TABLES `boughts` WRITE;
/*!40000 ALTER TABLE `boughts` DISABLE KEYS */;
INSERT INTO `boughts` VALUES (86,1070,'チモシー','Amazon','2017-08-17','2017-08-17 16:17:30','2017-08-17 16:17:30'),(87,2400,'床材、床材、床材、床材、ウッドリター','Amazon','2017-08-16','2017-08-17 16:17:30','2017-08-17 16:17:30'),(88,648,'S字フック二つ、キャスター四つ','キャンドゥ','2017-08-12','2017-08-17 16:17:30','2017-08-17 16:17:30'),(89,2540,'ボトル、ステージ','Amazon','2017-08-11','2017-08-17 16:17:30','2017-08-17 16:17:30'),(90,14640,'ケージ、ホイール、ハンモック','Amazon','2017-08-10','2017-08-17 16:17:30','2017-08-17 16:17:30'),(91,2432,'ペレットペレットマットマット','Amazon','2017-08-08','2017-08-17 16:17:30','2017-08-17 16:17:30'),(92,1582,'アルコール除菌、ヤスリ','Amazon','2017-08-01','2017-08-17 16:17:30','2017-08-17 16:17:30'),(93,2536,'デカペレット×2 野菜 枝豆ハンモック','コジマ','2017-07-30','2017-08-17 16:17:30','2017-08-17 16:17:30'),(94,760,'ウッドリター','Amazon','2017-07-30','2017-08-17 16:17:30','2017-08-17 16:17:30'),(95,3980,'各種ステージ','Amazon','2017-07-29','2017-08-17 16:17:30','2017-08-17 16:17:30'),(96,3380,'人参のかじり木20本','Amazon','2017-07-23','2017-08-17 16:17:30','2017-08-17 16:17:30'),(97,3192,'ペレット4パック','Amazon','2017-07-22','2017-08-17 16:17:30','2017-08-17 16:17:30'),(98,650,'写真25枚印刷','ヨドバシカメラ','2017-07-17','2017-08-17 16:17:30','2017-08-17 16:17:30'),(99,7152,'バケツ、バケツ、にんじん、床材','Amazon','2017-07-14','2017-08-17 16:17:30','2017-08-17 16:17:30'),(100,2160,'メイ用ハウス','Amazon','2017-07-09','2017-08-17 16:17:30','2017-08-17 16:17:30'),(101,36802,'セン、チヒロ、ハク、ホイール、チモシー、ボトル、ハウス','コジマ','2017-07-09','2017-08-17 16:17:30','2017-08-17 16:17:30'),(102,644,'たも網','ドン・キホーテ','2017-07-08','2017-08-17 16:17:30','2017-08-17 16:17:30'),(103,1174,'野菜、野菜、デカペレット','コジマ','2017-07-08','2017-08-17 16:17:30','2017-08-17 16:17:30'),(104,3200,'消臭剤、チモシー、床材','Amazon','2017-06-30','2017-08-17 16:17:30','2017-08-17 16:17:30'),(105,7776,'Ruby on Rails 5アプリケーションプログラミング','Amazon','2017-06-21','2017-08-17 16:17:30','2017-08-17 16:17:30'),(106,2380,'床材、ペレット','Amazon','2017-06-19','2017-08-17 16:17:30','2017-08-17 16:17:30'),(107,6282,'かじり木登りきいっぱい','Amazon','2017-06-14','2017-08-17 16:17:30','2017-08-17 16:17:30'),(108,3412,'ハンモック、デカペレット、かじり木','コジマ','2017-05-27','2017-08-17 16:17:30','2017-08-17 16:17:30'),(109,10200,'ネットワークカメラ','Amazon','2017-05-23','2017-08-17 16:17:30','2017-08-17 16:17:30'),(110,5000,'砂砂砂砂砂砂リターリター','Amazon','2017-05-07','2017-08-17 16:17:30','2017-08-17 16:17:30'),(111,3660,'ステージ、木、野菜など','コジマ','2017-05-04','2017-08-17 16:17:30','2017-08-17 16:17:30'),(112,2044,'かじり木','Amazon','2017-05-03','2017-08-17 16:17:30','2017-08-17 16:17:30'),(113,10540,'ハク、ジジ、ラビットフード、おうち、バードケージ','コーナン','2017-05-03','2017-08-17 16:17:30','2017-08-17 16:17:30'),(114,4550,'かじり木、ハンモック、トンネル','コジマ','2017-04-30','2017-08-17 16:17:30','2017-08-17 16:17:30'),(115,3752,'ハンモック、乾燥野菜、齧り木','コジマ','2017-04-02','2017-08-17 16:17:30','2017-08-17 16:17:30'),(116,4780,'チモシー、ペレット','Amazon','2017-04-01','2017-08-17 16:17:30','2017-08-17 16:17:30'),(117,626,'チモシー','ドン・キホーテ','2017-03-31','2017-08-17 16:17:30','2017-08-17 16:17:30'),(118,764,'齧り木','Amazon','2017-03-24','2017-08-17 16:17:30','2017-08-17 16:17:30'),(119,720,'トイレ砂','Amazon','2017-02-26','2017-08-17 16:17:30','2017-08-17 16:17:30'),(120,3846,'ボトル、ステージ、かじり木、マルチビタミン','コジマ','2017-02-26','2017-08-17 16:17:30','2017-08-17 16:17:30'),(121,5194,'かじり木、チモシー、ペレット、消臭、砂','Amazon','2017-02-04','2017-08-17 16:17:30','2017-08-17 16:17:30'),(122,8944,'ヒーター、ハンモック、かじり木','コジマ','2017-01-21','2017-08-17 16:17:30','2017-08-17 16:17:30'),(123,1480,'かじり木、かじり木、かじり木、おやつ、おやつ','コジマ','2017-01-07','2017-08-17 16:17:30','2017-08-17 16:17:30'),(124,4208,'ハンモック、かじり木','コジマ','2016-12-17','2017-08-17 16:17:30','2017-08-17 16:17:30'),(125,2676,'チモシー、ペレット、齧り木','Amazon','2016-12-07','2017-08-17 16:17:30','2017-08-17 16:17:30'),(126,324,'クリアファイル','ダイソー','2016-10-29','2017-08-17 16:17:30','2017-08-17 16:17:30'),(127,6118,'ヒーター、カジリギ、おうち','コジマ','2016-10-29','2017-08-17 16:17:30','2017-08-17 16:17:30'),(128,1958,'寝袋、りんごバー、なしバー','コジマ','2016-10-28','2017-08-17 16:17:30','2017-08-17 16:17:30'),(129,2562,'嚙り木、リンゴの木、隠れ家、カジリギハウス','コジマ','2016-10-11','2017-08-17 16:17:30','2017-08-17 16:17:30'),(130,2890,'ウサギサークル','Amazon','2016-10-09','2017-08-17 16:17:30','2017-08-17 16:17:30'),(131,7930,'消臭砂、掃除機、針金、カジカジフェンス、スパイラル木、ゴミ箱、エネループ','Amazon','2016-10-01','2017-08-17 16:17:30','2017-08-17 16:17:30'),(132,606,'掃除機用電池','コンビニ','2016-09-29','2017-08-17 16:17:30','2017-08-17 16:17:30'),(133,1274,'チモシー×３','Amazon','2016-09-25','2017-08-17 16:17:30','2017-08-17 16:17:30'),(134,1510,'カジリギ、お家','コジマ','2016-09-05','2017-08-17 16:17:30','2017-08-17 16:17:30'),(135,2028,'チモシーシート、齧り木、ドライフルーツ','コジマ','2016-08-23','2017-08-17 16:17:30','2017-08-17 16:17:30'),(136,2640,'えさ','Amazon','2016-08-21','2017-08-17 16:17:30','2017-08-17 16:17:30'),(137,2310,'チモシーのお家、チモシーふたつ','Amazon','2016-08-09','2017-08-17 16:17:30','2017-08-17 16:17:30'),(138,1180,'動物病院','','2016-08-06','2017-08-17 16:17:30','2017-08-17 16:17:30'),(139,5672,'齧り木、木、エサ入れ、散歩ボール','コジマ','2016-08-03','2017-08-17 16:17:30','2017-08-17 16:17:30'),(140,5800,'餌、ひんやり、お散歩ボール、ケージ','コジマ','2016-07-29','2017-08-17 16:17:30','2017-08-17 16:17:30'),(141,2026,'砂×５','Amazon','2016-07-29','2017-08-17 16:17:30','2017-08-17 16:17:30'),(142,4276,'かじりぎ、えさ、トンネル','コジマ','2016-07-22','2017-08-17 16:17:30','2017-08-17 16:17:30'),(143,498,'人参のチモシー','ホームズ','2016-07-16','2017-08-17 16:17:30','2017-08-17 16:17:30'),(144,300,'写真プリント','ホームズ','2016-07-16','2017-08-17 16:17:30','2017-08-17 16:17:30'),(145,216,'パズーの餌箱','ダイソー','2016-07-16','2017-08-17 16:17:30','2017-08-17 16:17:30'),(146,1898,'','コジマ','2016-07-10','2017-08-17 16:17:30','2017-08-17 16:17:30'),(147,2766,'えさ、消臭剤','Amazon','2016-06-19','2017-08-17 16:17:30','2017-08-17 16:17:30'),(148,6200,'水綺麗にするの、かじりぎ、藁シート、ひんやりシート','コジマ','2016-06-19','2017-08-17 16:17:30','2017-08-17 16:17:30'),(149,2088,'除菌シート6個','Amazon','2016-06-04','2017-08-17 16:17:30','2017-08-17 16:17:30'),(150,2626,'えさ','Amazon','2016-05-23','2017-08-17 16:17:30','2017-08-17 16:17:30'),(151,1188,'かじりぎ','コジマ','2016-05-20','2017-08-17 16:17:30','2017-08-17 16:17:30'),(152,2252,'のぼりぎかじりぎ','Amazon','2016-05-15','2017-08-17 16:17:30','2017-08-17 16:17:30'),(153,2380,'砂場、はしご','Amazon','2016-05-09','2017-08-17 16:17:30','2017-08-17 16:17:30'),(154,7948,'メイちゃんと餌','コジマ','2016-05-07','2017-08-17 16:17:30','2017-08-17 16:17:30'),(155,2380,'砂場、はしご','Amazon','2016-05-07','2017-08-17 16:17:30','2017-08-17 16:17:30'),(156,17182,'メイちゃん受け入れ準備','コジマ','2016-05-07','2017-08-17 16:17:30','2017-08-17 16:17:30'),(157,4222,'カジリギ、ハンモック、おうち','コジマ','2016-04-30','2017-08-17 16:17:30','2017-08-17 16:17:30'),(158,2200,'消臭剤5個、デグーフード','Amazon','2016-04-24','2017-08-17 16:17:30','2017-08-17 16:17:30'),(159,1288,'掃除シート','イトーヨカドー','2016-04-17','2017-08-17 16:17:30','2017-08-17 16:17:30'),(160,2856,'砂5個、ワラ2個','Amazon','2016-04-08','2017-08-17 16:17:30','2017-08-17 16:17:30'),(161,1058,'体重計','オリンピック','2016-03-27','2017-08-17 16:17:30','2017-08-17 16:17:30'),(162,916,'ステージ','コジマ','2016-03-27','2017-08-17 16:17:30','2017-08-17 16:17:30'),(163,7846,'お家バージョンアップ','コジマ','2016-03-26','2017-08-17 16:17:30','2017-08-17 16:17:30'),(164,1080,'','セリア','2016-03-21','2017-08-17 16:17:30','2017-08-17 16:17:30'),(165,1200,'デグー関連','ドイト','2016-03-21','2017-08-17 16:17:30','2017-08-17 16:17:30'),(166,200,'砂','イトーヨーカドー','2016-03-21','2017-08-17 16:17:30','2017-08-17 16:17:30'),(167,1080,'デグー用小道具','セリア','2016-03-21','2017-08-17 16:17:30','2017-08-17 16:17:30'),(168,3000,'デグー完全飼育','Amazon','2016-03-21','2017-08-17 16:17:30','2017-08-17 16:17:30'),(169,21050,'パズー飼育セット一式','コジマ','2016-03-20','2017-08-17 16:17:30','2017-08-17 16:17:30'),(170,10580,'デグー','コーナン','2016-03-20','2017-08-17 16:17:30','2017-08-17 16:17:30');
/*!40000 ALTER TABLE `boughts` ENABLE KEYS */;
UNLOCK TABLES;

--
-- Table structure for table `degus`
--

DROP TABLE IF EXISTS `degus`;
/*!40101 SET @saved_cs_client     = @@character_set_client */;
/*!40101 SET character_set_client = utf8 */;
CREATE TABLE `degus` (
  `id` bigint(20) NOT NULL AUTO_INCREMENT,
  `name` varchar(255) NOT NULL,
  `gender` int(11) NOT NULL,
  `birthday` date NOT NULL,
  `come_date` date NOT NULL,
  `died_date` date DEFAULT NULL,
  `comment` text,
  `picture_url` varchar(255) DEFAULT NULL,
  `created_at` datetime NOT NULL,
  `updated_at` datetime NOT NULL,
  PRIMARY KEY (`id`)
) ENGINE=InnoDB AUTO_INCREMENT=15 DEFAULT CHARSET=utf8;
/*!40101 SET character_set_client = @saved_cs_client */;

--
-- Dumping data for table `degus`
--

LOCK TABLES `degus` WRITE;
/*!40000 ALTER TABLE `degus` DISABLE KEYS */;
INSERT INTO `degus` VALUES (1,'パズー',0,'2015-12-01','2016-03-20',NULL,NULL,'https://pbs.twimg.com/media/Ct0F1uZUsAEvqAm.jpg','2017-08-17 16:17:07','2017-08-17 16:17:07'),(2,'メイ',1,'2016-02-01','2016-05-07',NULL,NULL,'https://pbs.twimg.com/media/CuzjROnUMAAVrBn.jpg','2017-08-17 16:17:07','2017-08-17 16:17:07'),(3,'ジジ',0,'2016-09-01','2017-05-03',NULL,NULL,'https://pbs.twimg.com/media/DFFzOumU0AAi-Ew.jpg','2017-08-17 16:17:07','2017-08-17 16:17:07'),(4,'キキ',1,'2016-02-01','2017-05-03','2017-06-13',NULL,'https://pbs.twimg.com/media/DA_cJOMUIAEtE8L.jpg','2017-08-17 16:17:07','2017-08-17 16:17:07'),(5,'ハク',0,'2017-06-01','2017-07-09',NULL,NULL,'https://pbs.twimg.com/media/DGDQbJ6UIAEEIX5.jpg','2017-08-17 16:17:07','2017-08-17 16:17:07'),(6,'セン',1,'2017-06-01','2017-07-09',NULL,NULL,'https://pbs.twimg.com/media/DEXSFe1UIAQ03Xa.jpg','2017-08-17 16:17:07','2017-08-17 16:17:07'),(7,'チヒロ',1,'2017-06-01','2017-07-09',NULL,NULL,'https://pbs.twimg.com/media/DBtqxweV0AAAjHN.jpg','2017-08-17 16:17:07','2017-08-17 16:17:07'),(8,'ハル',2,'2017-08-07','2017-08-07',NULL,NULL,'https://pbs.twimg.com/media/DG1URKvUMAAfa-H.jpg','2017-08-17 16:17:07','2017-08-17 16:17:07'),(9,'バロン',2,'2017-08-07','2017-08-07',NULL,NULL,'https://pbs.twimg.com/media/DG1URKvUMAAfa-H.jpg','2017-08-17 16:17:07','2017-08-17 16:17:07'),(10,'ムタ',2,'2017-08-07','2017-08-07',NULL,NULL,'https://pbs.twimg.com/media/DG1URKvUMAAfa-H.jpg','2017-08-17 16:17:07','2017-08-17 16:17:07'),(11,'ルーン',2,'2017-08-07','2017-08-07',NULL,NULL,'https://pbs.twimg.com/media/DG1URKvUMAAfa-H.jpg','2017-08-17 16:17:07','2017-08-17 16:17:07'),(12,'ユキ',2,'2017-08-07','2017-08-07',NULL,NULL,'https://pbs.twimg.com/media/DG1URKvUMAAfa-H.jpg','2017-08-17 16:17:07','2017-08-17 16:17:07'),(13,'トト',2,'2017-08-07','2017-08-07',NULL,NULL,'https://pbs.twimg.com/media/DG1URKvUMAAfa-H.jpg','2017-08-17 16:17:07','2017-08-17 16:17:07'),(14,'ナトル',2,'2017-08-07','2017-08-07',NULL,NULL,'https://pbs.twimg.com/media/DG1URKvUMAAfa-H.jpg','2017-08-17 16:17:07','2017-08-17 16:17:07');
/*!40000 ALTER TABLE `degus` ENABLE KEYS */;
UNLOCK TABLES;

--
-- Table structure for table `measurements`
--

DROP TABLE IF EXISTS `measurements`;
/*!40101 SET @saved_cs_client     = @@character_set_client */;
/*!40101 SET character_set_client = utf8 */;
CREATE TABLE `measurements` (
  `id` bigint(20) NOT NULL AUTO_INCREMENT,
  `date` date DEFAULT NULL,
  `created_at` datetime NOT NULL,
  `updated_at` datetime NOT NULL,
  PRIMARY KEY (`id`)
) ENGINE=InnoDB AUTO_INCREMENT=38 DEFAULT CHARSET=utf8;
/*!40101 SET character_set_client = @saved_cs_client */;

--
-- Dumping data for table `measurements`
--

LOCK TABLES `measurements` WRITE;
/*!40000 ALTER TABLE `measurements` DISABLE KEYS */;
INSERT INTO `measurements` VALUES (1,'2016-09-23','2017-08-17 16:17:07','2017-08-17 16:17:07'),(2,'2016-09-28','2017-08-17 16:17:07','2017-08-17 16:17:07'),(3,'2016-10-08','2017-08-17 16:17:07','2017-08-17 16:17:07'),(4,'2016-10-14','2017-08-17 16:17:07','2017-08-17 16:17:07'),(5,'2016-11-19','2017-08-17 16:17:07','2017-08-17 16:17:07'),(6,'2016-12-04','2017-08-17 16:17:07','2017-08-17 16:17:07'),(7,'2016-12-10','2017-08-17 16:17:07','2017-08-17 16:17:07'),(8,'2016-12-22','2017-08-17 16:17:08','2017-08-17 16:17:08'),(9,'2017-01-06','2017-08-17 16:17:08','2017-08-17 16:17:08'),(10,'2017-01-13','2017-08-17 16:17:08','2017-08-17 16:17:08'),(11,'2017-01-21','2017-08-17 16:17:08','2017-08-17 16:17:08'),(12,'2017-01-27','2017-08-17 16:17:08','2017-08-17 16:17:08'),(13,'2017-02-04','2017-08-17 16:17:08','2017-08-17 16:17:08'),(14,'2017-02-11','2017-08-17 16:17:08','2017-08-17 16:17:08'),(15,'2017-02-18','2017-08-17 16:17:08','2017-08-17 16:17:08'),(16,'2017-02-25','2017-08-17 16:17:08','2017-08-17 16:17:08'),(17,'2017-03-04','2017-08-17 16:17:08','2017-08-17 16:17:08'),(18,'2017-03-12','2017-08-17 16:17:08','2017-08-17 16:17:08'),(19,'2017-03-17','2017-08-17 16:17:08','2017-08-17 16:17:08'),(20,'2017-03-25','2017-08-17 16:17:08','2017-08-17 16:17:08'),(21,'2017-04-02','2017-08-17 16:17:08','2017-08-17 16:17:08'),(22,'2017-04-09','2017-08-17 16:17:08','2017-08-17 16:17:08'),(23,'2017-04-23','2017-08-17 16:17:08','2017-08-17 16:17:08'),(24,'2017-04-30','2017-08-17 16:17:08','2017-08-17 16:17:08'),(25,'2017-05-05','2017-08-17 16:17:08','2017-08-17 16:17:08'),(26,'2017-05-15','2017-08-17 16:17:08','2017-08-17 16:17:08'),(27,'2017-05-20','2017-08-17 16:17:08','2017-08-17 16:17:08'),(28,'2017-05-27','2017-08-17 16:17:08','2017-08-17 16:17:08'),(29,'2017-06-03','2017-08-17 16:17:08','2017-08-17 16:17:08'),(30,'2017-06-25','2017-08-17 16:17:08','2017-08-17 16:17:08'),(31,'2017-07-02','2017-08-17 16:17:08','2017-08-17 16:17:08'),(32,'2017-07-09','2017-08-17 16:17:08','2017-08-17 16:17:08'),(33,'2017-07-17','2017-08-17 16:17:08','2017-08-17 16:17:08'),(34,'2017-07-21','2017-08-17 16:17:08','2017-08-17 16:17:08'),(35,'2017-07-29','2017-08-17 16:17:08','2017-08-17 16:17:08'),(36,'2017-08-07','2017-08-17 16:17:09','2017-08-17 16:17:09'),(37,'2017-08-12','2017-08-17 16:17:09','2017-08-17 16:17:09');
/*!40000 ALTER TABLE `measurements` ENABLE KEYS */;
UNLOCK TABLES;

--
-- Table structure for table `pictures`
--

DROP TABLE IF EXISTS `pictures`;
/*!40101 SET @saved_cs_client     = @@character_set_client */;
/*!40101 SET character_set_client = utf8 */;
CREATE TABLE `pictures` (
  `id` bigint(20) NOT NULL AUTO_INCREMENT,
  `tweet_id` bigint(20) DEFAULT NULL,
  `url` varchar(255) DEFAULT NULL,
  `created_at` datetime NOT NULL,
  `updated_at` datetime NOT NULL,
  PRIMARY KEY (`id`),
  KEY `index_pictures_on_tweet_id` (`tweet_id`),
  CONSTRAINT `fk_rails_bea8130eaf` FOREIGN KEY (`tweet_id`) REFERENCES `tweets` (`id`)
) ENGINE=InnoDB AUTO_INCREMENT=137 DEFAULT CHARSET=utf8;
/*!40101 SET character_set_client = @saved_cs_client */;

--
-- Dumping data for table `pictures`
--

LOCK TABLES `pictures` WRITE;
/*!40000 ALTER TABLE `pictures` DISABLE KEYS */;
INSERT INTO `pictures` VALUES (1,1,'https://pbs.twimg.com/media/DHaGpdFV0AED3R7.jpg','2017-08-17 16:17:25','2017-08-17 16:17:25'),(2,2,'https://pbs.twimg.com/media/DHRdMzDU0AAGBTI.jpg','2017-08-17 16:17:25','2017-08-17 16:17:25'),(3,3,'https://pbs.twimg.com/media/DHRcy6LV0AAM55V.jpg','2017-08-17 16:17:26','2017-08-17 16:17:26'),(4,5,'https://pbs.twimg.com/media/DHP4jaCV0AA5a4k.jpg','2017-08-17 16:17:27','2017-08-17 16:17:27'),(5,6,'https://pbs.twimg.com/media/DHIU7PTUwAAZEgG.jpg','2017-08-17 16:17:28','2017-08-17 16:17:28'),(6,6,'https://pbs.twimg.com/media/DHQROm-VYAEigw2.jpg','2017-08-17 16:17:28','2017-08-17 16:17:28'),(7,7,'https://pbs.twimg.com/media/DHIUt6nUQAAQuGV.jpg','2017-08-17 16:17:28','2017-08-17 16:17:28'),(8,8,'https://pbs.twimg.com/media/DHITp8PUMAA4Hs-.jpg','2017-08-17 16:17:29','2017-08-17 16:17:29'),(9,9,'https://pbs.twimg.com/media/DG9Q69iVoAA0i1p.jpg','2017-08-17 16:17:29','2017-08-17 16:17:29'),(10,10,'https://pbs.twimg.com/media/DG9QfEhUIAE_6qw.jpg','2017-08-17 16:17:30','2017-08-17 16:17:30'),(11,11,'https://pbs.twimg.com/media/DG3x-QsUIAAvrGK.jpg','2017-08-17 16:17:30','2017-08-17 16:17:30'),(12,12,'https://pbs.twimg.com/media/DGyVSAoVoAA0vD4.jpg','2017-08-17 16:17:31','2017-08-17 16:17:31'),(13,13,'https://pbs.twimg.com/media/DG4viXBV0AEug4s.jpg','2017-08-17 16:17:31','2017-08-17 16:17:31'),(14,14,'https://pbs.twimg.com/media/DG1URKvUMAAfa-H.jpg','2017-08-17 16:17:32','2017-08-17 16:17:32'),(15,15,'https://pbs.twimg.com/media/DGyUYyEUwAAlSp4.jpg','2017-08-17 16:17:32','2017-08-17 16:17:32'),(16,16,'https://pbs.twimg.com/media/DGx2gAuUMAA_LV-.jpg','2017-08-17 16:17:33','2017-08-17 16:17:33'),(17,17,'https://pbs.twimg.com/media/DGw1QaKWAAAboZ-.jpg','2017-08-17 16:17:33','2017-08-17 16:17:33'),(18,18,'https://pbs.twimg.com/media/DGtL5jIU0AEpi2A.jpg','2017-08-17 16:17:34','2017-08-17 16:17:34'),(19,19,'https://pbs.twimg.com/media/DGrQlsqUQAA0m0m.jpg','2017-08-17 16:17:34','2017-08-17 16:17:34'),(20,20,'https://pbs.twimg.com/media/DGogbqCVwAAJu2o.jpg','2017-08-17 16:17:35','2017-08-17 16:17:35'),(21,21,'https://pbs.twimg.com/media/DGoVpCfVwAALI7C.jpg','2017-08-17 16:17:36','2017-08-17 16:17:36'),(22,22,'https://pbs.twimg.com/media/DGoIew_UAAA-alQ.jpg','2017-08-17 16:17:36','2017-08-17 16:17:36'),(23,23,'https://pbs.twimg.com/media/DGnnpAnUIAA61bA.jpg','2017-08-17 16:17:37','2017-08-17 16:17:37'),(24,23,'https://pbs.twimg.com/media/DGnozjPUQAAJYgr.jpg','2017-08-17 16:17:37','2017-08-17 16:17:37'),(25,24,'https://pbs.twimg.com/media/DGicNVFUMAEj-RT.jpg','2017-08-17 16:17:37','2017-08-17 16:17:37'),(26,24,'https://pbs.twimg.com/media/DGicQWAVwAASVux.jpg','2017-08-17 16:17:37','2017-08-17 16:17:37'),(27,25,'https://pbs.twimg.com/media/DGSoRyyU0AAki-t.jpg','2017-08-17 16:17:38','2017-08-17 16:17:38'),(28,26,'https://pbs.twimg.com/media/DGNx407UAAEXaM3.jpg','2017-08-17 16:17:38','2017-08-17 16:17:38'),(29,26,'https://pbs.twimg.com/media/DGNx6a4UIAAjt4e.jpg','2017-08-17 16:17:38','2017-08-17 16:17:38'),(30,27,'https://pbs.twimg.com/media/DGDQbJ6UIAEEIX5.jpg','2017-08-17 16:17:39','2017-08-17 16:17:39'),(31,28,'https://pbs.twimg.com/media/DF89yTtUIAAFQUK.jpg','2017-08-17 16:17:39','2017-08-17 16:17:39'),(32,29,'https://pbs.twimg.com/media/DF4Hq_rV0AAv3sn.jpg','2017-08-17 16:17:40','2017-08-17 16:17:40'),(33,31,'https://pbs.twimg.com/media/DFf_q3OU0AAYgPN.jpg','2017-08-17 16:17:41','2017-08-17 16:17:41'),(34,32,'https://pbs.twimg.com/media/DFf2Z80UIAEY9No.jpg','2017-08-17 16:17:41','2017-08-17 16:17:41'),(35,33,'https://pbs.twimg.com/media/DFePFaEVYAA3zZs.jpg','2017-08-17 16:17:42','2017-08-17 16:17:42'),(36,34,'https://pbs.twimg.com/media/DFZO7OTWsAAKmDh.jpg','2017-08-17 16:17:43','2017-08-17 16:17:43'),(37,35,'https://pbs.twimg.com/media/DFUlBV-VwAAGMMl.jpg','2017-08-17 16:17:43','2017-08-17 16:17:43'),(38,36,'https://pbs.twimg.com/media/DFRQ-kLUQAAp-ew.jpg','2017-08-17 16:17:44','2017-08-17 16:17:44'),(39,37,'https://pbs.twimg.com/media/DFLFuU1UwAATZnq.jpg','2017-08-17 16:17:44','2017-08-17 16:17:44'),(40,38,'https://pbs.twimg.com/media/DFFzOumU0AAi-Ew.jpg','2017-08-17 16:17:45','2017-08-17 16:17:45'),(41,39,'https://pbs.twimg.com/media/DFD1LN_VwAA44tz.jpg','2017-08-17 16:17:45','2017-08-17 16:17:45'),(42,40,'https://pbs.twimg.com/media/DExrdswUwAAz7TA.jpg','2017-08-17 16:17:46','2017-08-17 16:17:46'),(43,41,'https://pbs.twimg.com/media/DExqyG4VwAAmMIJ.jpg','2017-08-17 16:17:46','2017-08-17 16:17:46'),(44,42,'https://pbs.twimg.com/media/DE6TMXUVwAAJbvb.jpg','2017-08-17 16:17:46','2017-08-17 16:17:46'),(45,43,'https://pbs.twimg.com/media/DExrP7DVYAAejii.jpg','2017-08-17 16:17:47','2017-08-17 16:17:47'),(46,44,'https://pbs.twimg.com/media/DExTDcJVoAAy-o2.jpg','2017-08-17 16:17:47','2017-08-17 16:17:47'),(47,44,'https://pbs.twimg.com/media/DExTDstUAAAehJo.jpg','2017-08-17 16:17:47','2017-08-17 16:17:47'),(48,45,'https://pbs.twimg.com/media/DEsBvAOUIAAvwbS.jpg','2017-08-17 16:17:48','2017-08-17 16:17:48'),(49,46,'https://pbs.twimg.com/media/DEhsFMNXoAQREne.jpg','2017-08-17 16:17:49','2017-08-17 16:17:49'),(50,46,'https://pbs.twimg.com/media/DEhsFeYWAAApI9O.jpg','2017-08-17 16:17:49','2017-08-17 16:17:49'),(51,47,'https://pbs.twimg.com/media/DEXSFe1UIAQ03Xa.jpg','2017-08-17 16:17:49','2017-08-17 16:17:49'),(52,47,'https://pbs.twimg.com/media/DEXSHQ4UwAAWg0g.jpg','2017-08-17 16:17:49','2017-08-17 16:17:49'),(53,48,'https://pbs.twimg.com/media/DERy2h_UwAAQ0b4.jpg','2017-08-17 16:17:50','2017-08-17 16:17:50'),(54,49,'https://pbs.twimg.com/media/DEMxsf8UIAAGQsY.jpg','2017-08-17 16:17:50','2017-08-17 16:17:50'),(55,49,'https://pbs.twimg.com/media/DEQP_40UAAAm1v2.jpg','2017-08-17 16:17:50','2017-08-17 16:17:50'),(56,49,'https://pbs.twimg.com/media/DEQP_4zVwAI8qB_.jpg','2017-08-17 16:17:50','2017-08-17 16:17:50'),(57,49,'https://pbs.twimg.com/media/DEQP_41UAAAwYJX.jpg','2017-08-17 16:17:50','2017-08-17 16:17:50'),(58,50,'https://pbs.twimg.com/media/DECrKO5UIAENPeH.jpg','2017-08-17 16:17:51','2017-08-17 16:17:51'),(59,51,'https://pbs.twimg.com/media/DDze7lCU0AEqR5M.jpg','2017-08-17 16:17:51','2017-08-17 16:17:51'),(60,52,'https://pbs.twimg.com/media/DDj8Fc3VYAEgYiy.jpg','2017-08-17 16:17:52','2017-08-17 16:17:52'),(61,53,'https://pbs.twimg.com/media/DDKWEErUQAAV_d8.jpg','2017-08-17 16:17:52','2017-08-17 16:17:52'),(62,54,'https://pbs.twimg.com/media/DDEtAfvU0AEMIK5.jpg','2017-08-17 16:17:53','2017-08-17 16:17:53'),(63,55,'https://pbs.twimg.com/media/DCpBcq5UMAAjB0z.jpg','2017-08-17 16:17:54','2017-08-17 16:17:54'),(64,56,'https://pbs.twimg.com/media/DCH1-GpVYAAnUs3.jpg','2017-08-17 16:17:54','2017-08-17 16:17:54'),(65,56,'https://pbs.twimg.com/media/DCKCOC7VoAATPH5.jpg','2017-08-17 16:17:54','2017-08-17 16:17:54'),(66,56,'https://pbs.twimg.com/media/DCIriZuUAAAPlYU.jpg','2017-08-17 16:17:54','2017-08-17 16:17:54'),(67,56,'https://pbs.twimg.com/media/DCH5PSkUAAMSat4.jpg','2017-08-17 16:17:54','2017-08-17 16:17:54'),(68,56,'https://pbs.twimg.com/media/DCH3o-SV0AAZyYu.jpg','2017-08-17 16:17:54','2017-08-17 16:17:54'),(69,57,'https://pbs.twimg.com/media/DBtqxweV0AAAjHN.jpg','2017-08-17 16:17:55','2017-08-17 16:17:55'),(70,57,'https://pbs.twimg.com/media/DBtqxw6UAAE075Q.jpg','2017-08-17 16:17:55','2017-08-17 16:17:55'),(71,57,'https://pbs.twimg.com/media/DBtqxw6VYAAy3JN.jpg','2017-08-17 16:17:55','2017-08-17 16:17:55'),(72,57,'https://pbs.twimg.com/media/DBtqxxHUIAAjmkp.jpg','2017-08-17 16:17:55','2017-08-17 16:17:55'),(73,59,'https://pbs.twimg.com/media/DBJrVWTUMAEhTrf.jpg','2017-08-17 16:17:56','2017-08-17 16:17:56'),(74,60,'https://pbs.twimg.com/media/DBEuLRTUwAU-7ES.jpg','2017-08-17 16:17:56','2017-08-17 16:17:56'),(75,61,'https://pbs.twimg.com/media/DA_cJOMUIAEtE8L.jpg','2017-08-17 16:17:57','2017-08-17 16:17:57'),(76,62,'https://pbs.twimg.com/media/DAv2pdzVwAABkok.jpg','2017-08-17 16:17:58','2017-08-17 16:17:58'),(77,63,'https://pbs.twimg.com/media/DArAGs0WAAAEg--.jpg','2017-08-17 16:17:58','2017-08-17 16:17:58'),(78,63,'https://pbs.twimg.com/media/DArAULcWAAExWXc.jpg','2017-08-17 16:17:58','2017-08-17 16:17:58'),(79,64,'https://pbs.twimg.com/media/DAliirxWsAEPYS6.jpg','2017-08-17 16:17:59','2017-08-17 16:17:59'),(80,64,'https://pbs.twimg.com/media/DAlil63XoAQ2OgB.jpg','2017-08-17 16:17:59','2017-08-17 16:17:59'),(81,64,'https://pbs.twimg.com/media/DAlipnrXcAAsu4w.jpg','2017-08-17 16:17:59','2017-08-17 16:17:59'),(82,64,'https://pbs.twimg.com/media/DAlis-aXYAAE8bU.jpg','2017-08-17 16:17:59','2017-08-17 16:17:59'),(83,65,'https://pbs.twimg.com/media/DAWYlcCVoAAAF1r.jpg','2017-08-17 16:17:59','2017-08-17 16:17:59'),(84,66,'https://pbs.twimg.com/media/DARAFpaUQAAk2BR.jpg','2017-08-17 16:18:00','2017-08-17 16:18:00'),(85,67,'https://pbs.twimg.com/media/DALxWRXUQAQlCXT.jpg','2017-08-17 16:18:00','2017-08-17 16:18:00'),(86,67,'https://pbs.twimg.com/media/DALxWQ9U0AAdpat.jpg','2017-08-17 16:18:00','2017-08-17 16:18:00'),(87,68,'https://pbs.twimg.com/media/C_3ZXgxUAAAxtJi.jpg','2017-08-17 16:18:01','2017-08-17 16:18:01'),(88,68,'https://pbs.twimg.com/media/C_3ZXg2UIAAyjIq.jpg','2017-08-17 16:18:01','2017-08-17 16:18:01'),(89,68,'https://pbs.twimg.com/media/C_3ZXgzV0AAWddy.jpg','2017-08-17 16:18:01','2017-08-17 16:18:01'),(90,68,'https://pbs.twimg.com/media/C_3ZXgzVwAAoLPL.jpg','2017-08-17 16:18:01','2017-08-17 16:18:01'),(91,70,'https://pbs.twimg.com/media/C_ifodjU0AQ5WOZ.jpg','2017-08-17 16:18:02','2017-08-17 16:18:02'),(92,70,'https://pbs.twimg.com/media/C_ifpMGV0AA-Di9.jpg','2017-08-17 16:18:02','2017-08-17 16:18:02'),(93,71,'https://pbs.twimg.com/media/C_Y0Qe6XoAASvQK.jpg','2017-08-17 16:18:02','2017-08-17 16:18:02'),(94,72,'https://pbs.twimg.com/media/C_YUZ4EW0AM5hwn.jpg','2017-08-17 16:18:03','2017-08-17 16:18:03'),(95,73,'https://pbs.twimg.com/media/C_OkBlYUMAAScs5.jpg','2017-08-17 16:18:04','2017-08-17 16:18:04'),(96,74,'https://pbs.twimg.com/media/C_InmzEUAAAPxcU.jpg','2017-08-17 16:18:04','2017-08-17 16:18:04'),(97,75,'https://pbs.twimg.com/media/C--TlQpUwAAxnJi.jpg','2017-08-17 16:18:05','2017-08-17 16:18:05'),(98,76,'https://pbs.twimg.com/media/C-5M0FGXsAIX0Z3.jpg','2017-08-17 16:18:05','2017-08-17 16:18:05'),(99,77,'https://pbs.twimg.com/media/C-40TZ9UwAA0lV8.jpg','2017-08-17 16:18:06','2017-08-17 16:18:06'),(100,78,'https://pbs.twimg.com/media/C-bHFiRUMAEC96u.jpg','2017-08-17 16:18:06','2017-08-17 16:18:06'),(101,79,'https://pbs.twimg.com/media/C8tNE90UAAAyeI2.jpg','2017-08-17 16:18:07','2017-08-17 16:18:07'),(102,81,'https://pbs.twimg.com/media/C6ZibNtU4AAQXGf.jpg','2017-08-17 16:18:08','2017-08-17 16:18:08'),(103,82,'https://pbs.twimg.com/media/C5fDrRoU4AEPG6d.jpg','2017-08-17 16:18:08','2017-08-17 16:18:08'),(104,83,'https://pbs.twimg.com/media/C47_6sOVcAEfOe0.jpg','2017-08-17 16:18:09','2017-08-17 16:18:09'),(105,84,'https://pbs.twimg.com/media/C4oo7oJVYAA4YRf.jpg','2017-08-17 16:18:09','2017-08-17 16:18:09'),(106,85,'https://pbs.twimg.com/media/C4i6ZTzVUAE6H3B.jpg','2017-08-17 16:18:10','2017-08-17 16:18:10'),(107,86,'https://pbs.twimg.com/media/C4YY_MLUEAADIps.jpg','2017-08-17 16:18:11','2017-08-17 16:18:11'),(108,87,'https://pbs.twimg.com/media/C4MvwY7UcAA89Pi.jpg','2017-08-17 16:18:11','2017-08-17 16:18:11'),(109,88,'https://pbs.twimg.com/media/C4CnXMUUMAAtfPu.jpg','2017-08-17 16:18:12','2017-08-17 16:18:12'),(110,89,'https://pbs.twimg.com/media/C35qB17UYAEExrl.jpg','2017-08-17 16:18:12','2017-08-17 16:18:12'),(111,90,'https://pbs.twimg.com/media/C34zVO8UMAAqvWn.jpg','2017-08-17 16:18:13','2017-08-17 16:18:13'),(112,91,'https://pbs.twimg.com/media/C3qZqN4VUAA0ozW.jpg','2017-08-17 16:18:13','2017-08-17 16:18:13'),(113,92,'https://pbs.twimg.com/media/C27tF2iVIAA7jRQ.jpg','2017-08-17 16:18:14','2017-08-17 16:18:14'),(114,93,'https://pbs.twimg.com/media/C22r6eqUQAA1B4d.jpg','2017-08-17 16:18:14','2017-08-17 16:18:14'),(115,93,'https://pbs.twimg.com/media/C22r6etVQAAhKBF.jpg','2017-08-17 16:18:14','2017-08-17 16:18:14'),(116,94,'https://pbs.twimg.com/media/C1kj1KZVIAAoL7J.jpg','2017-08-17 16:18:15','2017-08-17 16:18:15'),(117,95,'https://pbs.twimg.com/media/C1Pmq50VQAEcZ8C.jpg','2017-08-17 16:18:16','2017-08-17 16:18:16'),(118,96,'https://pbs.twimg.com/media/C1K21z_UUAEVCOt.jpg','2017-08-17 16:18:16','2017-08-17 16:18:16'),(119,97,'https://pbs.twimg.com/media/C1AbR0QUkAEK2mP.jpg','2017-08-17 16:18:17','2017-08-17 16:18:17'),(120,98,'https://pbs.twimg.com/media/C057JcuUQAAEa8r.jpg','2017-08-17 16:18:18','2017-08-17 16:18:18'),(121,99,'https://pbs.twimg.com/media/CzTSYxLUQAI-WZG.jpg','2017-08-17 16:18:18','2017-08-17 16:18:18'),(122,100,'https://pbs.twimg.com/media/CyQ9cSjUoAAUCgj.jpg','2017-08-17 16:18:19','2017-08-17 16:18:19'),(123,101,'https://pbs.twimg.com/media/CyBi2oyUkAADC9V.jpg','2017-08-17 16:18:19','2017-08-17 16:18:19'),(124,102,'https://pbs.twimg.com/media/Cx0yTXRUcAAH3If.jpg','2017-08-17 16:18:20','2017-08-17 16:18:20'),(125,103,'https://pbs.twimg.com/media/CxnTe36UcAA5WwW.jpg','2017-08-17 16:18:21','2017-08-17 16:18:21'),(126,104,'https://pbs.twimg.com/media/CwWF3SvUUAAmUTz.jpg','2017-08-17 16:18:21','2017-08-17 16:18:21'),(127,105,'https://pbs.twimg.com/media/CvNbKmMUAAEswcL.jpg','2017-08-17 16:18:22','2017-08-17 16:18:22'),(128,106,'https://pbs.twimg.com/media/CuzjROnUMAAVrBn.jpg','2017-08-17 16:18:22','2017-08-17 16:18:22'),(129,107,'https://pbs.twimg.com/media/CuziTZoUIAAs5TK.jpg','2017-08-17 16:18:23','2017-08-17 16:18:23'),(130,107,'https://pbs.twimg.com/media/CuziTvsVMAAYjuR.jpg','2017-08-17 16:18:23','2017-08-17 16:18:23'),(131,108,'https://pbs.twimg.com/media/Ct0F1uZUsAEvqAm.jpg','2017-08-17 16:18:23','2017-08-17 16:18:23'),(132,109,'https://pbs.twimg.com/media/CszG4eoVIAATJdM.jpg','2017-08-17 16:18:24','2017-08-17 16:18:24'),(133,110,'https://pbs.twimg.com/media/Cstxa0HVUAEr9w6.jpg','2017-08-17 16:18:24','2017-08-17 16:18:24'),(134,111,'https://pbs.twimg.com/media/CsoU_DHVIAA9Pbp.jpg','2017-08-17 16:18:25','2017-08-17 16:18:25'),(135,112,'https://pbs.twimg.com/media/CsjXyb7VIAALmwN.jpg','2017-08-17 16:18:25','2017-08-17 16:18:25'),(136,113,'https://pbs.twimg.com/media/CrlgjrrUsAEFTzM.jpg','2017-08-17 16:18:26','2017-08-17 16:18:26');
/*!40000 ALTER TABLE `pictures` ENABLE KEYS */;
UNLOCK TABLES;

--
-- Table structure for table `schema_migrations`
--

DROP TABLE IF EXISTS `schema_migrations`;
/*!40101 SET @saved_cs_client     = @@character_set_client */;
/*!40101 SET character_set_client = utf8 */;
CREATE TABLE `schema_migrations` (
  `version` varchar(255) NOT NULL,
  PRIMARY KEY (`version`)
) ENGINE=InnoDB DEFAULT CHARSET=utf8;
/*!40101 SET character_set_client = @saved_cs_client */;

--
-- Dumping data for table `schema_migrations`
--

LOCK TABLES `schema_migrations` WRITE;
/*!40000 ALTER TABLE `schema_migrations` DISABLE KEYS */;
INSERT INTO `schema_migrations` VALUES ('20170708124709'),('20170708124933'),('20170708125026'),('20170708125157'),('20170716100809'),('20170722081220'),('20170817145019'),('20170817153545');
/*!40000 ALTER TABLE `schema_migrations` ENABLE KEYS */;
UNLOCK TABLES;

--
-- Table structure for table `tweets`
--

DROP TABLE IF EXISTS `tweets`;
/*!40101 SET @saved_cs_client     = @@character_set_client */;
/*!40101 SET character_set_client = utf8 */;
CREATE TABLE `tweets` (
  `id` bigint(20) NOT NULL AUTO_INCREMENT,
  `origin_id` varchar(255) DEFAULT NULL,
  `text` text,
  `like_count` int(11) DEFAULT NULL,
  `retweet_count` int(11) DEFAULT NULL,
  `datetime` datetime DEFAULT NULL,
  `created_at` datetime NOT NULL,
  `updated_at` datetime NOT NULL,
  PRIMARY KEY (`id`)
) ENGINE=InnoDB AUTO_INCREMENT=114 DEFAULT CHARSET=utf8;
/*!40101 SET character_set_client = @saved_cs_client */;

--
-- Dumping data for table `tweets`
--

LOCK TABLES `tweets` WRITE;
/*!40000 ALTER TABLE `tweets` DISABLE KEYS */;
INSERT INTO `tweets` VALUES (1,'898122236686725120','ハンモックはみんなで使おう#デグー ',132,29,'2017-08-17 10:00:02','2017-08-17 16:17:24','2017-08-17 16:17:24'),(2,'897759850855366656','あーお客様困ります！これから掃除するのに全員熟睡は困ります！お客様！#デグー ',269,64,'2017-08-16 10:00:02','2017-08-17 16:17:25','2017-08-17 16:17:25'),(3,'897654147725406208','生後8日目。毛も生え揃えてきました。両親と全く似てないんだけど。#デグー ',132,15,'2017-08-16 03:00:01','2017-08-17 16:17:25','2017-08-17 16:17:25'),(4,'897393073893670912','ﾜﾁｬﾜﾁｬﾜﾁｬﾜﾁｬﾜﾁｬﾜﾁｬﾜﾁｬ･･･#デグー ',95,20,'2017-08-15 09:42:36','2017-08-17 16:17:26','2017-08-17 16:17:26'),(5,'897334040822390788','完全に異能解放してる目ですよこいつは#デグー ',22,1,'2017-08-15 05:48:01','2017-08-17 16:17:26','2017-08-17 16:17:26'),(6,'897291757523574784','ベビーを除けば一番若手で、お鼻のラインがトレードマーク。#デグー ',86,8,'2017-08-15 03:00:00','2017-08-17 16:17:27','2017-08-17 16:17:27'),(7,'897035076344705024','生後7日目。個々の鳴き声が大きくなってきた。毛の生え方に個性が出て識別できるようになった。ベビー同士で交流するようになった。体重は一匹あたりおよそ17グラム。#デグー ',123,18,'2017-08-14 10:00:02','2017-08-17 16:17:28','2017-08-17 16:17:28'),(8,'896944471480213504','比較的キレイな接写取れた。#デグー ',118,15,'2017-08-14 04:00:01','2017-08-17 16:17:28','2017-08-17 16:17:28'),(9,'896310294892339200','デグーの貴重な授乳シーンです。おおさめくださいませ。てか乳首どこにあるんだよ#デグー ',400,100,'2017-08-12 10:00:01','2017-08-17 16:17:29','2017-08-17 16:17:29'),(10,'896204597038948352','やっと部屋の掃除ができました。デグー13匹4ケージの構成で再出発。#デグー ',79,5,'2017-08-12 03:00:01','2017-08-17 16:17:29','2017-08-17 16:17:29'),(11,'895842207093202946','我が家歴最大サイズのケージ飼いました(左)これまで使ってきた右と比べて格段に広く使いやすい良質のケージです。成長後のベビーと若手デグーの相性見つつ、一番多い集団に割り当てる予定です。理想は3ケージで人数比7:3:3ぐらいになってくれればいいなぁ。。#デグー ',42,2,'2017-08-11 03:00:00','2017-08-17 16:17:30','2017-08-17 16:17:30'),(12,'895817795753000961','ﾐﾂｹﾀ....#デグー ',81,11,'2017-08-11 01:23:00','2017-08-17 16:17:30','2017-08-17 16:17:30'),(13,'895705698717257732','デグー同士の仲が良いのが一番いい#デグー ',101,17,'2017-08-10 17:57:34','2017-08-17 16:17:31','2017-08-17 16:17:31'),(14,'895575196459053056','生後三日目、目も開くようになりちょいちょい家から出歩くようになりました。#デグー ',140,17,'2017-08-10 09:19:00','2017-08-17 16:17:31','2017-08-17 16:17:31'),(15,'895483594713554944','「「「メシか？」」」#デグー ',145,14,'2017-08-10 03:15:00','2017-08-17 16:17:32','2017-08-17 16:17:32'),(16,'895220734892531712','職場でカメラ越しにも確認できるぐらいにはワチャワチャ動き出して来た#デグー ',59,6,'2017-08-09 09:50:30','2017-08-17 16:17:32','2017-08-17 16:17:32'),(17,'895148986176352256','髪型決まってんね！#デグー ',80,9,'2017-08-09 05:05:24','2017-08-17 16:17:33','2017-08-17 16:17:33'),(18,'894892407333900293','お届けものです#デグー ',137,21,'2017-08-08 12:05:50','2017-08-17 16:17:33','2017-08-17 16:17:33'),(19,'894762594963255296','母子が並ぶとベビーがどれだけ小さいかわかる。#デグー ',144,23,'2017-08-08 03:30:01','2017-08-17 16:17:34','2017-08-17 16:17:34'),(20,'894563138481160192','ベビーばかりに構っててやや不満げな若手#デグー ',94,14,'2017-08-07 14:17:27','2017-08-17 16:17:34','2017-08-17 16:17:34'),(21,'894551274711957505','訂正します。6匹生まれましたと言いましたが7匹でした。ただ撮影しようとすると母デグがブロックしてくるのでそっとしときます。#デグー ',77,5,'2017-08-07 13:30:18','2017-08-17 16:17:35','2017-08-17 16:17:35'),(22,'894536803755020288','沢山のリプライありがとうございます！個別にお返事できなく申し訳ありません。。今は母デグがお家に全員連れ帰って、床材などをお家にガンガン詰めてるんですがこれは見守ってるだけで大丈夫でしょうか？完全にベビーたちが見えなくなったので不安です。#デグー ',62,2,'2017-08-07 12:32:48','2017-08-17 16:17:36','2017-08-17 16:17:36'),(23,'894500697240084480','生まれました！多分六匹です！#デグー ',280,49,'2017-08-07 10:09:19','2017-08-17 16:17:36','2017-08-17 16:17:36'),(24,'894136383194845184','(●´_ゝ｀)ノ)Д`)ﾍﾟｼｮ#デグー ',175,43,'2017-08-06 10:01:40','2017-08-17 16:17:37','2017-08-17 16:17:37'),(25,'893048806215827456','319...まだ増えるだと...!?一体いつになったら産まれるんだ...!?#デグー#メイ ',61,10,'2017-08-03 10:00:02','2017-08-17 16:17:37','2017-08-17 16:17:37'),(26,'892682501537144833','やられました。一時的な住居とは言え、まさかそこを食い破って脱走するとは思わなかったよ。#デグー ',76,24,'2017-08-02 09:44:28','2017-08-17 16:17:38','2017-08-17 16:17:38'),(27,'891941893931532288','iPhoneだと接写難しいなぁ。何か良いカメラアプリとかコツありますか？#デグー#ハク ',65,10,'2017-07-31 08:41:33','2017-08-17 16:17:38','2017-08-17 16:17:38'),(28,'891499250500096000','部屋の1/3ぐらいがデグーエリアになって飼い主用スペースが2/3になった。だんだん割合が狭まってきて、最終的に飼い主の居場所が無くなりそう。#デグー ',58,6,'2017-07-30 03:22:39','2017-08-17 16:17:39','2017-08-17 16:17:39'),(29,'891158215194419203','またまとめ買い。多分デグー飼いの殆どが使ってる事実上標準の上り木ですが、Amazonでまとめ買いすると一個あたり定価の半額ぐらいで買えます。#デグー ',67,11,'2017-07-29 04:47:30','2017-08-17 16:17:39','2017-08-17 16:17:39'),(30,'890177600642965504','デグーの雄同士は上下関係を確定するためにマウントを取ろうと互いのお尻を常に狙い合ってます。#デグー ',315,142,'2017-07-26 11:50:53','2017-08-17 16:17:40','2017-08-17 16:17:40'),(31,'889460567584391168','もうパンパンの豊満ボディで明日生まれてもおかしく無いな。勤務中は勘弁してほしいなぁ。。#デグー#メイ ',106,12,'2017-07-24 12:21:39','2017-08-17 16:17:40','2017-08-17 16:17:40'),(32,'889450379951222784','はい悲惨#デグー ',44,0,'2017-07-24 11:41:10','2017-08-17 16:17:41','2017-08-17 16:17:41'),(33,'889337269651292160','いつ出産してもおかしくない程度にまん丸になってきたので、職場からの監視体制もバッチリに。なお映ってる方はただのデブ♂で肝心のメスが映ってない模様。#デグー#パズー ',59,2,'2017-07-24 04:11:42','2017-08-17 16:17:41','2017-08-17 16:17:41'),(34,'888984759136681985','こんな感じにケージに固定してカジカジさせる奴です。個体によってはオヤツより夢中で齧るので最短で1時間程度で跡形もなくなくなります。#デグー#ジジ ',67,12,'2017-07-23 04:50:57','2017-08-17 16:17:42','2017-08-17 16:17:42'),(35,'888707443236253696','そういう年頃なのか、喧嘩が増えてきたので一旦分離して４ケージ構成に。仲良くしてくれないとベビーが生まれた時ケージ足りないし成長しても狭いケージのままだゾ‥‥。あとハンモックも足りない。何かデグー同士がより仲良くしてくれるコツとかありませんか？？#デグー ',49,10,'2017-07-22 10:29:00','2017-08-17 16:17:43','2017-08-17 16:17:43'),(36,'888589918410289154','今日もアホ面で寝てる#デグー#ハク ',144,29,'2017-07-22 02:42:00','2017-08-17 16:17:43','2017-08-17 16:17:43'),(37,'887989626106912768','半年ぶりに溜まった写真を現像しました。気持ち明るめにしつつズームの設定にしたら全体的に盛りすぎた感がある#デグー ',99,9,'2017-07-20 10:56:39','2017-08-17 16:17:44','2017-08-17 16:17:44'),(38,'887617301867970562','おねだり#デグー#ジジ ',95,16,'2017-07-19 10:17:10','2017-08-17 16:17:44','2017-08-17 16:17:44'),(39,'887512318250147840','最強のふたり感あるな。#デグー#ハク #チヒロ ',138,16,'2017-07-19 03:20:00','2017-08-17 16:17:45','2017-08-17 16:17:45'),(40,'887250602392211456','うなぎねずみ#デグー#メイ ',83,16,'2017-07-18 10:00:02','2017-08-17 16:17:45','2017-08-17 16:17:45'),(41,'886888217756258308','床材大量に敷いたのに全部おうちに持ち帰ろうとするやつ#デグー#パズー ',68,6,'2017-07-17 10:00:03','2017-08-17 16:17:46','2017-08-17 16:17:46'),(42,'886808091940892672','死んだように眠った(※ピンピンしてます)#デグー#ハク ',178,26,'2017-07-17 04:41:39','2017-08-17 16:17:46','2017-08-17 16:17:46'),(43,'886525818805002240','欠伸0.5秒前#デグー#ハク ',119,17,'2017-07-16 10:00:00','2017-08-17 16:17:46','2017-08-17 16:17:46'),(44,'886174552887132161','緩募 この二匹の顔の区別の仕方。但し毛の模様は日々変わるものとする。#デグー ',98,21,'2017-07-15 10:44:12','2017-08-17 16:17:47','2017-08-17 16:17:47'),(45,'885803661741367296','ケージ越しに全員集合して井戸端会議。まぁ相性悪い組み合わせも少なからずあるから長時間は出来ないけど#デグー ',61,10,'2017-07-14 10:10:25','2017-08-17 16:17:47','2017-08-17 16:17:47'),(46,'885076172832460803','双子かな？？#デグー ',165,37,'2017-07-12 09:59:38','2017-08-17 16:17:48','2017-08-17 16:17:48'),(47,'884343976974733312','物音にビビると壁にへばりつく奴#デグー ',185,46,'2017-07-10 09:30:09','2017-08-17 16:17:49','2017-08-17 16:17:49'),(48,'883957770713575424','争いは、同じレベルの者同士でしか発生しない!!#デグー ',212,66,'2017-07-09 07:55:30','2017-08-17 16:17:49','2017-08-17 16:17:49'),(49,'883604607422709760','全然寝顔を見せてくれない子を深夜にネットワークカメラで盗撮したらちゃんと寝てた#デグー ',92,16,'2017-07-08 08:32:09','2017-08-17 16:17:50','2017-08-17 16:17:50'),(50,'882894762163884033','手乗りデグ#デグー ',118,26,'2017-07-06 09:31:29','2017-08-17 16:17:50','2017-08-17 16:17:50'),(51,'881824744990883840','すごい姿勢でリラックスしてる....#デグー ',161,35,'2017-07-03 10:39:37','2017-08-17 16:17:51','2017-08-17 16:17:51'),(52,'880730900786327553','プレミアムフライデーと聞いて#デグー ',122,29,'2017-06-30 10:13:04','2017-08-17 16:17:51','2017-08-17 16:17:51'),(53,'878929877818265600','木を金網に引っ掛けて固定してかじる賢い奴#デグー ',45,8,'2017-06-25 10:56:27','2017-08-17 16:17:52','2017-08-17 16:17:52'),(54,'878532892472754176','なんか、テブーだな最近#デグー ',119,22,'2017-06-24 08:38:58','2017-08-17 16:17:52','2017-08-17 16:17:52'),(55,'876389295350628352','何か逃走したデグーを優しく簡単に捕まえる道具とか無いでしょうか？ケージ掃除の際に脱走癖強めの子に手を焼いています。#デグー',15,6,'2017-06-18 10:41:05','2017-08-17 16:17:53','2017-08-17 16:17:53'),(56,'874250310738296832','長らくデグーのケージの床が金網のままで使ってだんですが、やはり金網だと事故の元になってしまうんでしょうか？また、金網を外した場合に床に設置する床材のオススメはなんでしょうか？ご教示お願いします。#デグー ',27,9,'2017-06-12 13:01:31','2017-08-17 16:17:54','2017-08-17 16:17:54'),(57,'872408571165540353','#2017自分が選ぶ今年上半期の4枚 #デグー ',98,35,'2017-06-07 11:03:06','2017-08-17 16:17:54','2017-08-17 16:17:54'),(58,'870885759997403136','食事中に撫でるのはNGらしい#デグー ',71,24,'2017-06-03 06:12:00','2017-08-17 16:17:55','2017-08-17 16:17:55'),(59,'869875735795716096','あぁ＾～#デグー ',48,5,'2017-05-31 11:18:31','2017-08-17 16:17:55','2017-08-17 16:17:55'),(60,'869527029997223937','宣材写真風#デグー ',58,11,'2017-05-30 12:12:53','2017-08-17 16:17:56','2017-08-17 16:17:56'),(61,'869155385428525056','ハンモックからニュルニュルっと生えてくるやつ#デグー ',83,17,'2017-05-29 11:36:06','2017-08-17 16:17:56','2017-08-17 16:17:56'),(62,'868058612211503104','ネットワークカメラいい感じです。職場からこんな感じにデグーを確認できます。#デグー ',48,8,'2017-05-26 10:57:55','2017-08-17 16:17:57','2017-08-17 16:17:57'),(63,'867717402582106113','#アイコンとその中の人を貼るとフォロワーがブワァアアって増えるらしい #デグー ',78,22,'2017-05-25 12:22:04','2017-08-17 16:17:58','2017-08-17 16:17:58'),(64,'867333254755397632','暗視機能付きのネットワークカメラを購入したので、ケージの前に設置して寝顔捉えたろ！と思ったらUMAが写った。#デグー ',46,8,'2017-05-24 10:55:36','2017-08-17 16:17:58','2017-08-17 16:17:58'),(65,'866266316688076801','エサの時間になるとアピールが凄いやつ#デグー ',61,7,'2017-05-21 12:15:59','2017-08-17 16:17:59','2017-08-17 16:17:59'),(66,'865887546928095232','光の当て方でデグーも盛れる#デグー ',80,14,'2017-05-20 11:10:53','2017-08-17 16:17:59','2017-08-17 16:17:59'),(67,'865519514900865024','給水器のないホームセンターで1年過ごしてたデグー達も、お迎え2週間ほどで無事に覚えてくれました。#デグー ',90,11,'2017-05-19 10:48:27','2017-08-17 16:18:00','2017-08-17 16:18:00'),(68,'864085883225481217','体重測定のお時間です#デグー ',56,20,'2017-05-15 11:51:43','2017-08-17 16:18:00','2017-08-17 16:18:00'),(69,'862998328933404672','デグーってこんな動物です#デグー #小動物 ',373,146,'2017-05-12 11:50:10','2017-08-17 16:18:01','2017-08-17 16:18:01'),(70,'862614862639251456','リア充デグーです。お納めください。#デグー ',94,24,'2017-05-11 10:26:24','2017-08-17 16:18:01','2017-08-17 16:18:01'),(71,'861933952520429570','こいつら毎日この姿勢で寝てるけど腰とか悪くしないんかな。#デグー ',79,12,'2017-05-09 13:20:42','2017-08-17 16:18:02','2017-08-17 16:18:02'),(72,'861898817087713280','箱買い。デグー買ってる人みんなコレ使ってる説#デグー ',56,2,'2017-05-09 11:01:05','2017-08-17 16:18:02','2017-08-17 16:18:02'),(73,'861212686935179264','先日ホームセンターからお迎えしたデグー、オスとして販売されましたが今更メスだと判明しました。えぇ・・・。#デグー ',30,3,'2017-05-07 13:34:39','2017-08-17 16:18:03','2017-08-17 16:18:03'),(74,'860794089893109761','違う、それはそうやって遊ぶものじゃない#デグー ',36,3,'2017-05-06 09:51:18','2017-08-17 16:18:04','2017-08-17 16:18:04'),(75,'860068367561916416','齧り木が足場にしか使われない#デグー#デグーあるある ',25,2,'2017-05-04 09:47:32','2017-08-17 16:18:04','2017-08-17 16:18:04'),(76,'859709040011526144','新たに二匹お迎えしました。共に生後一年ぐらいなので売り物としては投げ売りされてるレベルでちょっと同情もありましたが大切にします。#デグー ',31,3,'2017-05-03 09:59:42','2017-08-17 16:18:05','2017-08-17 16:18:05'),(77,'859682093781073921','ホームセンターに生後一年のデグーがあんま良くない環境で飼育されてて引き取りたくなってくる。#デグー ',16,4,'2017-05-03 08:12:37','2017-08-17 16:18:05','2017-08-17 16:18:05'),(78,'857591680014270464','ご飯は座って食べる礼儀正しいネズミ#デグー ',48,7,'2017-04-27 13:46:04','2017-08-17 16:18:06','2017-08-17 16:18:06'),(79,'849857706190028800','ムーミンデグ#デグー ',34,3,'2017-04-06 05:34:01','2017-08-17 16:18:06','2017-08-17 16:18:06'),(80,'842338281748496386','ｻﾝﾎﾟﾀﾞｻﾝﾎﾟｻｾﾛｺﾗｱｱｱｱｱｱｱｱｱ!!!#デグー ',24,3,'2017-03-16 11:34:30','2017-08-17 16:18:07','2017-08-17 16:18:07'),(81,'839466602613485568','お行儀が悪い#デグー ',23,0,'2017-03-08 13:23:29','2017-08-17 16:18:07','2017-08-17 16:18:07'),(82,'835351407528071168','二頭身に見える#デグー ',34,4,'2017-02-25 04:51:10','2017-08-17 16:18:08','2017-08-17 16:18:08'),(83,'832884367387078659','下がオスで上がメスなんだよなぁ。。尻に敷かれている（物理#デグー ',42,5,'2017-02-18 09:28:02','2017-08-17 16:18:08','2017-08-17 16:18:08'),(84,'831522088829595648','バレンタイン...??#デグー ',20,1,'2017-02-14 15:14:49','2017-08-17 16:18:09','2017-08-17 16:18:09'),(85,'831119129692090368','最強のふたり#デグー ',34,2,'2017-02-13 12:33:36','2017-08-17 16:18:09','2017-08-17 16:18:09'),(86,'830378711257997312','艶めかしかったころ#デグー ',49,1,'2017-02-11 11:31:27','2017-08-17 16:18:10','2017-08-17 16:18:10'),(87,'829559317070245889','( ˘ω˘)ｽﾔｧ#デグー ',71,7,'2017-02-09 05:15:28','2017-08-17 16:18:11','2017-08-17 16:18:11'),(88,'828846412137783298','なんか絵本で見たことある図#デグー ',28,0,'2017-02-07 06:02:38','2017-08-17 16:18:11','2017-08-17 16:18:11'),(89,'828215963791155200','融合生物みたいになった#デグー ',36,4,'2017-02-05 12:17:27','2017-08-17 16:18:12','2017-08-17 16:18:12'),(90,'828155824006537217','Amazonさんから物資の補給が届きました。デグー周りの商品ってある程度限られてくるから他の飼い主さんと結構被ってそう。#デグー ',7,0,'2017-02-05 08:18:29','2017-08-17 16:18:12','2017-08-17 16:18:12'),(91,'827142435109167104','仰向けでメシを食うおっさん#デグー ',33,3,'2017-02-02 13:11:38','2017-08-17 16:18:13','2017-08-17 16:18:13'),(92,'823856527568052225','「寒い」　「重い」#デグー ',14,2,'2017-01-24 11:34:37','2017-08-17 16:18:13','2017-08-17 16:18:13'),(93,'823503420543803392','お迎え当初の野生を保ったデグー→失われた野生#デグー ',14,3,'2017-01-23 12:11:30','2017-08-17 16:18:14','2017-08-17 16:18:14'),(94,'817724206456520705','現像した写真はアルバムに収納していつでもパラパラめくれるようにしました。デジタルもいいけどアナログもね！#デグー ',6,0,'2017-01-07 13:26:58','2017-08-17 16:18:14','2017-08-17 16:18:14'),(95,'816249585219706882','トンネルと一体化したデブー#デグー#デブー ',9,2,'2017-01-03 11:47:20','2017-08-17 16:18:15','2017-08-17 16:18:15'),(96,'815915521254170625','久しぶりにスマフォで撮ってる写真を現像してきました。L版フルカラー一枚30円で刷れるので皆さんも是非。#デグー ',6,0,'2017-01-02 13:39:53','2017-08-17 16:18:16','2017-08-17 16:18:16'),(97,'815181529219407872','眠いけど年越しまで頑張る#デグー#ネムー ',5,0,'2016-12-31 13:03:16','2017-08-17 16:18:16','2017-08-17 16:18:16'),(98,'814723988542738433','太ることを強いられているんだ！！#デグー#デブー ',8,1,'2016-12-30 06:45:10','2017-08-17 16:18:17','2017-08-17 16:18:17'),(99,'807501559177224192','ハンモックにチモシー積んだら飯食うのも寝るのも排泄するのもハンモックで済ませるようになってそこから一切動かないヒキニートみたいになった#デグー ',4,0,'2016-12-10 08:25:49','2017-08-17 16:18:18','2017-08-17 16:18:18'),(100,'802834195563220994','デグーのケージ周りはコジマが独占してる感が凄くて、誰のケージを見てもだいたい同じ物を使ってる気がする。#デグー ',1,0,'2016-11-27 11:19:22','2017-08-17 16:18:18','2017-08-17 16:18:18'),(101,'801749427350216705','ゆったりーぬ#デグー ',4,0,'2016-11-24 11:28:53','2017-08-17 16:18:19','2017-08-17 16:18:19'),(102,'800851619671732225','些細な地震でもキーキー騒ぐデグーが今朝の地震では物音ひとつ立てずに固まってて何の役にも立たなかったよ！（画像はイメージ）#デグー ',5,0,'2016-11-22 00:01:19','2017-08-17 16:18:19','2017-08-17 16:18:19'),(103,'799902939212959748','デグーってメスの方がイケメンな傾向ある気がする#デグー ',4,0,'2016-11-19 09:11:36','2017-08-17 16:18:20','2017-08-17 16:18:20'),(104,'794188098217226243','やりました！！！#デグー ',0,0,'2016-11-03 14:42:52','2017-08-17 16:18:21','2017-08-17 16:18:21'),(105,'789074600340525056','デグーあるある木なら何でも好き#デグー ',6,2,'2016-10-20 12:03:39','2017-08-17 16:18:21','2017-08-17 16:18:21'),(106,'787253922985455616','デグーあるある？何故か狭いところに詰まってこちらを見る#デグー ',6,1,'2016-10-15 11:28:56','2017-08-17 16:18:22','2017-08-17 16:18:22'),(107,'787252866394107904','リンゴの木を試しに買ってみたら2匹ともすごく気に入ってくれた。良い匂いのするものが好きらしい#デグー ',4,0,'2016-10-15 11:24:44','2017-08-17 16:18:22','2017-08-17 16:18:22'),(108,'782883645946105856','アイコンのひょうきん顔フルサイズ#デグー ',6,0,'2016-10-03 10:03:01','2017-08-17 16:18:23','2017-08-17 16:18:23'),(109,'778215515068076032','デグーあるある？ハマりだがる#デグー ',2,0,'2016-09-20 12:53:31','2017-08-17 16:18:23','2017-08-17 16:18:23'),(110,'777840070560616448','デグーあるある？隙あらば脱走#デグー ',6,2,'2016-09-19 12:01:39','2017-08-17 16:18:24','2017-08-17 16:18:24'),(111,'777456962120273920','デグーあるある？木製のお家はもれなくぶっ壊す#デグー ',4,0,'2016-09-18 10:39:18','2017-08-17 16:18:24','2017-08-17 16:18:24'),(112,'777108200415858688','デグーあるある？目を開けたまま眠るので起きてるのか寝てるのかよくわからない。#デグー ',5,2,'2016-09-17 11:33:27','2017-08-17 16:18:25','2017-08-17 16:18:25'),(113,'772754982974042112','来て...#デグー ',1,0,'2016-09-05 11:15:19','2017-08-17 16:18:25','2017-08-17 16:18:25');
/*!40000 ALTER TABLE `tweets` ENABLE KEYS */;
UNLOCK TABLES;

--
-- Table structure for table `weights`
--

DROP TABLE IF EXISTS `weights`;
/*!40101 SET @saved_cs_client     = @@character_set_client */;
/*!40101 SET character_set_client = utf8 */;
CREATE TABLE `weights` (
  `id` bigint(20) NOT NULL AUTO_INCREMENT,
  `degu_id` bigint(20) DEFAULT NULL,
  `measurement_id` bigint(20) DEFAULT NULL,
  `value` int(11) DEFAULT NULL,
  `created_at` datetime NOT NULL,
  `updated_at` datetime NOT NULL,
  PRIMARY KEY (`id`),
  KEY `index_weights_on_degu_id` (`degu_id`),
  KEY `index_weights_on_measurement_id` (`measurement_id`),
  CONSTRAINT `fk_rails_40f69e8383` FOREIGN KEY (`degu_id`) REFERENCES `degus` (`id`)
) ENGINE=InnoDB AUTO_INCREMENT=125 DEFAULT CHARSET=utf8;
/*!40101 SET character_set_client = @saved_cs_client */;

--
-- Dumping data for table `weights`
--

LOCK TABLES `weights` WRITE;
/*!40000 ALTER TABLE `weights` DISABLE KEYS */;
INSERT INTO `weights` VALUES (1,1,1,217,'2017-08-17 16:17:07','2017-08-17 16:17:07'),(2,2,1,207,'2017-08-17 16:17:07','2017-08-17 16:17:07'),(3,1,2,216,'2017-08-17 16:17:07','2017-08-17 16:17:07'),(4,2,2,201,'2017-08-17 16:17:07','2017-08-17 16:17:07'),(5,1,3,224,'2017-08-17 16:17:07','2017-08-17 16:17:07'),(6,2,3,198,'2017-08-17 16:17:07','2017-08-17 16:17:07'),(7,1,4,216,'2017-08-17 16:17:07','2017-08-17 16:17:07'),(8,2,4,204,'2017-08-17 16:17:07','2017-08-17 16:17:07'),(9,1,5,209,'2017-08-17 16:17:07','2017-08-17 16:17:07'),(10,2,5,222,'2017-08-17 16:17:07','2017-08-17 16:17:07'),(11,1,6,210,'2017-08-17 16:17:07','2017-08-17 16:17:07'),(12,2,6,220,'2017-08-17 16:17:07','2017-08-17 16:17:07'),(13,1,7,207,'2017-08-17 16:17:07','2017-08-17 16:17:07'),(14,2,7,219,'2017-08-17 16:17:08','2017-08-17 16:17:08'),(15,1,8,208,'2017-08-17 16:17:08','2017-08-17 16:17:08'),(16,2,8,228,'2017-08-17 16:17:08','2017-08-17 16:17:08'),(17,1,9,214,'2017-08-17 16:17:08','2017-08-17 16:17:08'),(18,2,9,220,'2017-08-17 16:17:08','2017-08-17 16:17:08'),(19,1,10,208,'2017-08-17 16:17:08','2017-08-17 16:17:08'),(20,2,10,206,'2017-08-17 16:17:08','2017-08-17 16:17:08'),(21,1,11,213,'2017-08-17 16:17:08','2017-08-17 16:17:08'),(22,2,11,219,'2017-08-17 16:17:08','2017-08-17 16:17:08'),(23,1,12,190,'2017-08-17 16:17:08','2017-08-17 16:17:08'),(24,2,12,193,'2017-08-17 16:17:08','2017-08-17 16:17:08'),(25,1,13,218,'2017-08-17 16:17:08','2017-08-17 16:17:08'),(26,2,13,227,'2017-08-17 16:17:08','2017-08-17 16:17:08'),(27,1,14,189,'2017-08-17 16:17:08','2017-08-17 16:17:08'),(28,2,14,190,'2017-08-17 16:17:08','2017-08-17 16:17:08'),(29,1,15,203,'2017-08-17 16:17:08','2017-08-17 16:17:08'),(30,2,15,208,'2017-08-17 16:17:08','2017-08-17 16:17:08'),(31,1,16,205,'2017-08-17 16:17:08','2017-08-17 16:17:08'),(32,2,16,212,'2017-08-17 16:17:08','2017-08-17 16:17:08'),(33,1,17,209,'2017-08-17 16:17:08','2017-08-17 16:17:08'),(34,2,17,216,'2017-08-17 16:17:08','2017-08-17 16:17:08'),(35,1,18,180,'2017-08-17 16:17:08','2017-08-17 16:17:08'),(36,2,18,188,'2017-08-17 16:17:08','2017-08-17 16:17:08'),(37,1,19,217,'2017-08-17 16:17:08','2017-08-17 16:17:08'),(38,2,19,204,'2017-08-17 16:17:08','2017-08-17 16:17:08'),(39,1,20,196,'2017-08-17 16:17:08','2017-08-17 16:17:08'),(40,2,20,206,'2017-08-17 16:17:08','2017-08-17 16:17:08'),(41,1,21,201,'2017-08-17 16:17:08','2017-08-17 16:17:08'),(42,2,21,213,'2017-08-17 16:17:08','2017-08-17 16:17:08'),(43,1,22,189,'2017-08-17 16:17:08','2017-08-17 16:17:08'),(44,2,22,208,'2017-08-17 16:17:08','2017-08-17 16:17:08'),(45,1,23,190,'2017-08-17 16:17:08','2017-08-17 16:17:08'),(46,2,23,200,'2017-08-17 16:17:08','2017-08-17 16:17:08'),(47,1,24,196,'2017-08-17 16:17:08','2017-08-17 16:17:08'),(48,2,24,208,'2017-08-17 16:17:08','2017-08-17 16:17:08'),(49,1,25,202,'2017-08-17 16:17:08','2017-08-17 16:17:08'),(50,2,25,207,'2017-08-17 16:17:08','2017-08-17 16:17:08'),(51,4,25,197,'2017-08-17 16:17:08','2017-08-17 16:17:08'),(52,3,25,154,'2017-08-17 16:17:08','2017-08-17 16:17:08'),(53,1,26,201,'2017-08-17 16:17:08','2017-08-17 16:17:08'),(54,2,26,213,'2017-08-17 16:17:08','2017-08-17 16:17:08'),(55,4,26,190,'2017-08-17 16:17:08','2017-08-17 16:17:08'),(56,3,26,156,'2017-08-17 16:17:08','2017-08-17 16:17:08'),(57,1,27,202,'2017-08-17 16:17:08','2017-08-17 16:17:08'),(58,2,27,203,'2017-08-17 16:17:08','2017-08-17 16:17:08'),(59,4,27,183,'2017-08-17 16:17:08','2017-08-17 16:17:08'),(60,3,27,150,'2017-08-17 16:17:08','2017-08-17 16:17:08'),(61,1,28,202,'2017-08-17 16:17:08','2017-08-17 16:17:08'),(62,2,28,201,'2017-08-17 16:17:08','2017-08-17 16:17:08'),(63,4,28,180,'2017-08-17 16:17:08','2017-08-17 16:17:08'),(64,3,28,144,'2017-08-17 16:17:08','2017-08-17 16:17:08'),(65,1,29,204,'2017-08-17 16:17:08','2017-08-17 16:17:08'),(66,2,29,211,'2017-08-17 16:17:08','2017-08-17 16:17:08'),(67,4,29,180,'2017-08-17 16:17:08','2017-08-17 16:17:08'),(68,3,29,148,'2017-08-17 16:17:08','2017-08-17 16:17:08'),(69,1,30,236,'2017-08-17 16:17:08','2017-08-17 16:17:08'),(70,2,30,245,'2017-08-17 16:17:08','2017-08-17 16:17:08'),(71,3,30,195,'2017-08-17 16:17:08','2017-08-17 16:17:08'),(72,1,31,230,'2017-08-17 16:17:08','2017-08-17 16:17:08'),(73,2,31,255,'2017-08-17 16:17:08','2017-08-17 16:17:08'),(74,3,31,193,'2017-08-17 16:17:08','2017-08-17 16:17:08'),(75,1,32,229,'2017-08-17 16:17:08','2017-08-17 16:17:08'),(76,2,32,264,'2017-08-17 16:17:08','2017-08-17 16:17:08'),(77,3,32,200,'2017-08-17 16:17:08','2017-08-17 16:17:08'),(78,7,32,109,'2017-08-17 16:17:08','2017-08-17 16:17:08'),(79,6,32,99,'2017-08-17 16:17:08','2017-08-17 16:17:08'),(80,5,32,85,'2017-08-17 16:17:08','2017-08-17 16:17:08'),(81,1,33,231,'2017-08-17 16:17:08','2017-08-17 16:17:08'),(82,2,33,267,'2017-08-17 16:17:08','2017-08-17 16:17:08'),(83,3,33,197,'2017-08-17 16:17:08','2017-08-17 16:17:08'),(84,7,33,129,'2017-08-17 16:17:08','2017-08-17 16:17:08'),(85,6,33,109,'2017-08-17 16:17:08','2017-08-17 16:17:08'),(86,5,33,110,'2017-08-17 16:17:08','2017-08-17 16:17:08'),(87,1,34,232,'2017-08-17 16:17:08','2017-08-17 16:17:08'),(88,2,34,285,'2017-08-17 16:17:08','2017-08-17 16:17:08'),(89,3,34,200,'2017-08-17 16:17:08','2017-08-17 16:17:08'),(90,7,34,133,'2017-08-17 16:17:08','2017-08-17 16:17:08'),(91,6,34,114,'2017-08-17 16:17:08','2017-08-17 16:17:08'),(92,5,34,116,'2017-08-17 16:17:08','2017-08-17 16:17:08'),(93,1,35,224,'2017-08-17 16:17:08','2017-08-17 16:17:08'),(94,2,35,314,'2017-08-17 16:17:08','2017-08-17 16:17:08'),(95,3,35,196,'2017-08-17 16:17:08','2017-08-17 16:17:08'),(96,7,35,146,'2017-08-17 16:17:08','2017-08-17 16:17:08'),(97,6,35,119,'2017-08-17 16:17:08','2017-08-17 16:17:08'),(98,5,35,124,'2017-08-17 16:17:09','2017-08-17 16:17:09'),(99,1,36,220,'2017-08-17 16:17:09','2017-08-17 16:17:09'),(100,2,36,236,'2017-08-17 16:17:09','2017-08-17 16:17:09'),(101,3,36,193,'2017-08-17 16:17:09','2017-08-17 16:17:09'),(102,7,36,153,'2017-08-17 16:17:09','2017-08-17 16:17:09'),(103,6,36,120,'2017-08-17 16:17:09','2017-08-17 16:17:09'),(104,5,36,125,'2017-08-17 16:17:09','2017-08-17 16:17:09'),(105,8,36,11,'2017-08-17 16:17:09','2017-08-17 16:17:09'),(106,9,36,11,'2017-08-17 16:17:09','2017-08-17 16:17:09'),(107,13,36,11,'2017-08-17 16:17:09','2017-08-17 16:17:09'),(108,11,36,11,'2017-08-17 16:17:09','2017-08-17 16:17:09'),(109,12,36,11,'2017-08-17 16:17:09','2017-08-17 16:17:09'),(110,10,36,11,'2017-08-17 16:17:09','2017-08-17 16:17:09'),(111,14,36,11,'2017-08-17 16:17:09','2017-08-17 16:17:09'),(112,1,37,225,'2017-08-17 16:17:09','2017-08-17 16:17:09'),(113,2,37,256,'2017-08-17 16:17:09','2017-08-17 16:17:09'),(114,3,37,199,'2017-08-17 16:17:09','2017-08-17 16:17:09'),(115,7,37,158,'2017-08-17 16:17:09','2017-08-17 16:17:09'),(116,6,37,125,'2017-08-17 16:17:09','2017-08-17 16:17:09'),(117,5,37,133,'2017-08-17 16:17:09','2017-08-17 16:17:09'),(118,8,37,14,'2017-08-17 16:17:09','2017-08-17 16:17:09'),(119,9,37,14,'2017-08-17 16:17:09','2017-08-17 16:17:09'),(120,13,37,14,'2017-08-17 16:17:09','2017-08-17 16:17:09'),(121,11,37,14,'2017-08-17 16:17:09','2017-08-17 16:17:09'),(122,12,37,14,'2017-08-17 16:17:09','2017-08-17 16:17:09'),(123,10,37,14,'2017-08-17 16:17:09','2017-08-17 16:17:09'),(124,14,37,14,'2017-08-17 16:17:09','2017-08-17 16:17:09');
/*!40000 ALTER TABLE `weights` ENABLE KEYS */;
UNLOCK TABLES;
/*!40103 SET TIME_ZONE=@OLD_TIME_ZONE */;

/*!40101 SET SQL_MODE=@OLD_SQL_MODE */;
/*!40014 SET FOREIGN_KEY_CHECKS=@OLD_FOREIGN_KEY_CHECKS */;
/*!40014 SET UNIQUE_CHECKS=@OLD_UNIQUE_CHECKS */;
/*!40101 SET CHARACTER_SET_CLIENT=@OLD_CHARACTER_SET_CLIENT */;
/*!40101 SET CHARACTER_SET_RESULTS=@OLD_CHARACTER_SET_RESULTS */;
/*!40101 SET COLLATION_CONNECTION=@OLD_COLLATION_CONNECTION */;
/*!40111 SET SQL_NOTES=@OLD_SQL_NOTES */;

-- Dump completed on 2017-08-17 16:20:08
