-- MySQL dump 10.13  Distrib 5.7.18, for Linux (x86_64)
--
-- Host: localhost    Database: degulog_development
-- ------------------------------------------------------
-- Server version	5.7.18-0ubuntu0.16.04.1

/*!40101 SET @OLD_CHARACTER_SET_CLIENT=@@CHARACTER_SET_CLIENT */;
/*!40101 SET @OLD_CHARACTER_SET_RESULTS=@@CHARACTER_SET_RESULTS */;
/*!40101 SET @OLD_COLLATION_CONNECTION=@@COLLATION_CONNECTION */;
/*!40101 SET NAMES utf8 */;
/*!40103 SET @OLD_TIME_ZONE=@@TIME_ZONE */;
/*!40103 SET TIME_ZONE='+00:00' */;
/*!40014 SET @OLD_UNIQUE_CHECKS=@@UNIQUE_CHECKS, UNIQUE_CHECKS=0 */;
/*!40014 SET @OLD_FOREIGN_KEY_CHECKS=@@FOREIGN_KEY_CHECKS, FOREIGN_KEY_CHECKS=0 */;
/*!40101 SET @OLD_SQL_MODE=@@SQL_MODE, SQL_MODE='NO_AUTO_VALUE_ON_ZERO' */;
/*!40111 SET @OLD_SQL_NOTES=@@SQL_NOTES, SQL_NOTES=0 */;

--
-- Table structure for table `ar_internal_metadata`
--

DROP TABLE IF EXISTS `ar_internal_metadata`;
/*!40101 SET @saved_cs_client     = @@character_set_client */;
/*!40101 SET character_set_client = utf8 */;
CREATE TABLE `ar_internal_metadata` (
  `key` varchar(255) NOT NULL,
  `value` varchar(255) DEFAULT NULL,
  `created_at` datetime NOT NULL,
  `updated_at` datetime NOT NULL,
  PRIMARY KEY (`key`)
) ENGINE=InnoDB DEFAULT CHARSET=utf8;
/*!40101 SET character_set_client = @saved_cs_client */;

--
-- Dumping data for table `ar_internal_metadata`
--

LOCK TABLES `ar_internal_metadata` WRITE;
/*!40000 ALTER TABLE `ar_internal_metadata` DISABLE KEYS */;
INSERT INTO `ar_internal_metadata` VALUES ('environment','development','2017-08-27 15:04:46','2017-08-27 15:04:46');
/*!40000 ALTER TABLE `ar_internal_metadata` ENABLE KEYS */;
UNLOCK TABLES;

--
-- Table structure for table `boughts`
--

DROP TABLE IF EXISTS `boughts`;
/*!40101 SET @saved_cs_client     = @@character_set_client */;
/*!40101 SET character_set_client = utf8 */;
CREATE TABLE `boughts` (
  `id` bigint(20) NOT NULL AUTO_INCREMENT,
  `amount` int(11) DEFAULT NULL,
  `comment` varchar(255) DEFAULT NULL,
  `place` varchar(255) DEFAULT NULL,
  `date` date DEFAULT NULL,
  `created_at` datetime NOT NULL,
  `updated_at` datetime NOT NULL,
  PRIMARY KEY (`id`)
) ENGINE=InnoDB AUTO_INCREMENT=2641 DEFAULT CHARSET=utf8;
/*!40101 SET character_set_client = @saved_cs_client */;

--
-- Dumping data for table `boughts`
--

LOCK TABLES `boughts` WRITE;
/*!40000 ALTER TABLE `boughts` DISABLE KEYS */;
INSERT INTO `boughts` VALUES (2501,795,'床材 公費','Amazon','2018-05-12','2018-05-13 07:24:00','2018-05-13 07:24:00'),(2502,1104,'ウッドリター、床材 公費','Amazon','2018-05-05','2018-05-13 07:24:00','2018-05-13 07:24:00'),(2503,1796,'ペレットペレット　公費','Amazon','2018-04-27','2018-05-13 07:24:00','2018-05-13 07:24:00'),(2504,2882,'ハンモック、床材床材、チモシーチモシー 公費','Amazon','2018-04-25','2018-05-13 07:24:00','2018-05-13 07:24:00'),(2505,1805,'デカペレット３つ、りんごバー、りんご 公費','コジマ','2018-04-15','2018-05-13 07:24:00','2018-05-13 07:24:00'),(2506,1430,'床材２個、ウッドリター　公費','Amazon','2018-04-12','2018-05-13 07:24:00','2018-05-13 07:24:00'),(2507,400,'床材公費','Amazon','2018-03-24','2018-05-13 07:24:00','2018-05-13 07:24:00'),(2508,798,'ペレット２　公費','Amazon','2018-03-17','2018-05-13 07:24:00','2018-05-13 07:24:00'),(2509,1826,'ビタミン、チモシーチモシー　公費','Amazon','2018-03-13','2018-05-13 07:24:00','2018-05-13 07:24:00'),(2510,1700,'デカペレット 公費','コジマ','2018-03-11','2018-05-13 07:24:00','2018-05-13 07:24:00'),(2511,6020,'ハンモック、デグーサンド、ウッドリター、床材、ペレット 公費','Amazon','2018-03-01','2018-05-13 07:24:00','2018-05-13 07:24:00'),(2512,970,'チモシー、床材　公費','Amazon','2018-02-17','2018-05-13 07:24:00','2018-05-13 07:24:00'),(2513,3192,'ペレット４　公費','Amazon','2018-02-15','2018-05-13 07:24:00','2018-05-13 07:24:00'),(2514,800,'床材２ 公費','Amazon','2018-02-13','2018-05-13 07:24:00','2018-05-13 07:24:00'),(2515,2358,'デカペレット4 くだもの 公費','コジマ','2018-02-10','2018-05-13 07:24:00','2018-05-13 07:24:00'),(2516,540,'チモシー 公費','Amazon','2018-02-07','2018-05-13 07:24:00','2018-05-13 07:24:00'),(2517,2573,'床材、ペレット、チモシー、ハンモック 公費','Amazon','2018-02-04','2018-05-13 07:24:00','2018-05-13 07:24:00'),(2518,798,'ペレット 公費','Amazon','2018-01-30','2018-05-13 07:24:00','2018-05-13 07:24:00'),(2519,750,'チモシーチモシー 公費','Amazon','2018-01-25','2018-05-13 07:24:00','2018-05-13 07:24:00'),(2520,2398,'床材、ペレット 公費','Amazon','2018-01-22','2018-05-13 07:24:00','2018-05-13 07:24:00'),(2521,2196,'消臭剤消臭剤ペレットペレット公費','Amazon','2018-01-19','2018-05-13 07:24:00','2018-05-13 07:24:00'),(2522,1430,'床材、ハンモック 公費','Amazon','2018-01-14','2018-05-13 07:24:00','2018-05-13 07:24:00'),(2523,1573,'チモシー、ペレット、床材 公費','Amazon','2018-01-10','2018-05-13 07:24:00','2018-05-13 07:24:00'),(2524,3520,'ハンモック、ペレット、床材 公費','Amazon','2018-01-06','2018-05-13 07:24:00','2018-05-13 07:24:00'),(2525,1503,'床材床材リッター公費','Amazon','2017-12-30','2018-05-13 07:24:00','2018-05-13 07:24:00'),(2526,2625,'サイレントホイール、チモシー、床材２つ 公費','Amazon','2017-12-23','2018-05-13 07:24:00','2018-05-13 07:24:00'),(2527,2280,'でかペレット三袋、ビタミン剤 公費','コジマ','2017-12-17','2018-05-13 07:24:00','2018-05-13 07:24:00'),(2528,4793,'ガリガリキャロット30本 公費','楽天','2017-12-16','2018-05-13 07:24:00','2018-05-13 07:24:00'),(2529,4205,'ペレットペレット床材床材チモシーリッターリッター 公費','Amazon','2017-12-15','2018-05-13 07:24:00','2018-05-13 07:24:00'),(2530,392,'床材 公費','Amazon','2017-12-11','2018-05-13 07:24:00','2018-05-13 07:24:00'),(2531,3180,'スポイト、ミルク、床材、ボトル 公費','Amazon','2017-12-09','2018-05-13 07:24:00','2018-05-13 07:24:00'),(2532,4060,'でかペレット、おうち、大麦、暖房 公費','コジマ','2017-12-09','2018-05-13 07:24:00','2018-05-13 07:24:00'),(2533,3840,'鳥かご 公費','Amazon','2017-12-04','2018-05-13 07:24:00','2018-05-13 07:24:00'),(2534,4715,'ステージ４つ、ステージ４つ、床材、チモシー 公費','Amazon','2017-12-02','2018-05-13 07:24:00','2018-05-13 07:24:00'),(2535,3412,'ウッドリター、ペレット、ペレット、床材、床材、チモシー 公費','Amazon','2017-11-25','2018-05-13 07:24:00','2018-05-13 07:24:00'),(2536,4804,'回し車、ボトル、チモシー、床材、ペレット 公費','Amazon','2017-11-17','2018-05-13 07:24:00','2018-05-13 07:24:00'),(2537,432,'クッション４つ 公費','ダイソー','2017-11-13','2018-05-13 07:24:00','2018-05-13 07:24:00'),(2538,1587,'デカペレット4つ、大麦 公費','コジマ','2017-11-11','2018-05-13 07:24:00','2018-05-13 07:24:00'),(2539,1398,'ペレットペレット公費','Amazon','2017-11-09','2018-05-13 07:24:00','2018-05-13 07:24:00'),(2540,1097,'デカペレット、乾燥りんご、なしの木の下 公費','コジマ','2017-11-05','2018-05-13 07:24:00','2018-05-13 07:24:00'),(2541,1871,'床材、ウッドリター、ポケット　公費','Amazon','2017-11-04','2018-05-13 07:24:00','2018-05-13 07:24:00'),(2542,1948,'チモシー、チモシー、ペレット、床材','Amazon','2017-10-28','2018-05-13 07:24:00','2018-05-13 07:24:00'),(2543,1173,'ペレット、チモシー','Amazon','2017-10-21','2018-05-13 07:24:00','2018-05-13 07:24:00'),(2544,4764,'ハンモック、臭い消し、臭い消し、チモシー、ペレット','Amazon','2017-10-14','2018-05-13 07:24:00','2018-05-13 07:24:00'),(2545,2300,'ウッドリター2個、床材2個、ビタミン','Amazon','2017-10-07','2018-05-13 07:24:00','2018-05-13 07:24:00'),(2546,798,'ペレット','Amazon','2017-10-01','2018-05-13 07:24:00','2018-05-13 07:24:00'),(2547,2400,'チモシー、チモシー、床材、床材、床材、床材','Amazon','2017-09-23','2018-05-13 07:24:00','2018-05-13 07:24:00'),(2548,1200,'ペレット','Amazon','2017-09-10','2018-05-13 07:24:00','2018-05-13 07:24:00'),(2549,1124,'チモシー三袋','Amazon','2017-09-09','2018-05-13 07:24:00','2018-05-13 07:24:00'),(2550,6000,'人参の齧り木30本','Amazon','2017-09-08','2018-05-13 07:24:00','2018-05-13 07:24:00'),(2551,4180,'デカペレット✖️4,スイカハンモック、果物','コジマ','2017-09-03','2018-05-13 07:24:00','2018-05-13 07:24:00'),(2552,2168,'バーベキュー網四枚。無駄なことを','Amazon','2017-09-02','2018-05-13 07:24:00','2018-05-13 07:24:00'),(2553,1600,'床材二個','Amazon','2017-09-02','2018-05-13 07:24:00','2018-05-13 07:24:00'),(2554,1084,'バーベキュー網二枚','Amazon','2017-08-31','2018-05-13 07:24:00','2018-05-13 07:24:00'),(2555,420,'写真現像','ビッグカメラ','2017-08-28','2018-05-13 07:24:00','2018-05-13 07:24:00'),(2556,1070,'チモシー','Amazon','2017-08-17','2018-05-13 07:24:00','2018-05-13 07:24:00'),(2557,2400,'床材、床材、床材、床材、ウッドリター','Amazon','2017-08-16','2018-05-13 07:24:00','2018-05-13 07:24:00'),(2558,648,'S字フック二つ、キャスター四つ','キャンドゥ','2017-08-12','2018-05-13 07:24:00','2018-05-13 07:24:00'),(2559,2540,'ボトル、ステージ','Amazon','2017-08-11','2018-05-13 07:24:00','2018-05-13 07:24:00'),(2560,14640,'ケージ、ホイール、ハンモック','Amazon','2017-08-10','2018-05-13 07:24:00','2018-05-13 07:24:00'),(2561,2432,'ペレットペレットマットマット','Amazon','2017-08-08','2018-05-13 07:24:00','2018-05-13 07:24:00'),(2562,1582,'アルコール除菌、ヤスリ','Amazon','2017-08-01','2018-05-13 07:24:00','2018-05-13 07:24:00'),(2563,2536,'デカペレット×2 野菜 枝豆ハンモック','コジマ','2017-07-30','2018-05-13 07:24:00','2018-05-13 07:24:00'),(2564,760,'ウッドリター','Amazon','2017-07-30','2018-05-13 07:24:00','2018-05-13 07:24:00'),(2565,3980,'各種ステージ','Amazon','2017-07-29','2018-05-13 07:24:00','2018-05-13 07:24:00'),(2566,3380,'人参のかじり木20本','Amazon','2017-07-23','2018-05-13 07:24:00','2018-05-13 07:24:00'),(2567,3192,'ペレット4パック','Amazon','2017-07-22','2018-05-13 07:24:00','2018-05-13 07:24:00'),(2568,650,'写真25枚印刷','ヨドバシカメラ','2017-07-17','2018-05-13 07:24:00','2018-05-13 07:24:00'),(2569,7152,'バケツ、バケツ、にんじん、床材','Amazon','2017-07-14','2018-05-13 07:24:00','2018-05-13 07:24:00'),(2570,2160,'メイ用ハウス','Amazon','2017-07-09','2018-05-13 07:24:00','2018-05-13 07:24:00'),(2571,36802,'セン、チヒロ、ハク、ホイール、チモシー、ボトル、ハウス','コジマ','2017-07-09','2018-05-13 07:24:00','2018-05-13 07:24:00'),(2572,644,'たも網','ドン・キホーテ','2017-07-08','2018-05-13 07:24:00','2018-05-13 07:24:00'),(2573,1174,'野菜、野菜、デカペレット','コジマ','2017-07-08','2018-05-13 07:24:00','2018-05-13 07:24:00'),(2574,3200,'消臭剤、チモシー、床材','Amazon','2017-06-30','2018-05-13 07:24:00','2018-05-13 07:24:00'),(2575,7776,'Ruby on Rails 5アプリケーションプログラミング','Amazon','2017-06-21','2018-05-13 07:24:00','2018-05-13 07:24:00'),(2576,2380,'床材、ペレット','Amazon','2017-06-19','2018-05-13 07:24:00','2018-05-13 07:24:00'),(2577,6282,'かじり木登りきいっぱい','Amazon','2017-06-14','2018-05-13 07:24:00','2018-05-13 07:24:00'),(2578,3412,'ハンモック、デカペレット、かじり木','コジマ','2017-05-27','2018-05-13 07:24:00','2018-05-13 07:24:00'),(2579,10200,'ネットワークカメラ','Amazon','2017-05-23','2018-05-13 07:24:00','2018-05-13 07:24:00'),(2580,5000,'砂砂砂砂砂砂リターリター','Amazon','2017-05-07','2018-05-13 07:24:00','2018-05-13 07:24:00'),(2581,3660,'ステージ、木、野菜など','コジマ','2017-05-04','2018-05-13 07:24:00','2018-05-13 07:24:00'),(2582,2044,'かじり木','Amazon','2017-05-03','2018-05-13 07:24:00','2018-05-13 07:24:00'),(2583,10540,'ハク、ジジ、ラビットフード、おうち、バードケージ','コーナン','2017-05-03','2018-05-13 07:24:00','2018-05-13 07:24:00'),(2584,4550,'かじり木、ハンモック、トンネル','コジマ','2017-04-30','2018-05-13 07:24:00','2018-05-13 07:24:00'),(2585,3752,'ハンモック、乾燥野菜、齧り木','コジマ','2017-04-02','2018-05-13 07:24:00','2018-05-13 07:24:00'),(2586,4780,'チモシー、ペレット','Amazon','2017-04-01','2018-05-13 07:24:00','2018-05-13 07:24:00'),(2587,626,'チモシー','ドン・キホーテ','2017-03-31','2018-05-13 07:24:00','2018-05-13 07:24:00'),(2588,764,'齧り木','Amazon','2017-03-24','2018-05-13 07:24:00','2018-05-13 07:24:00'),(2589,720,'トイレ砂','Amazon','2017-02-26','2018-05-13 07:24:00','2018-05-13 07:24:00'),(2590,3846,'ボトル、ステージ、かじり木、マルチビタミン','コジマ','2017-02-26','2018-05-13 07:24:00','2018-05-13 07:24:00'),(2591,5194,'かじり木、チモシー、ペレット、消臭、砂','Amazon','2017-02-04','2018-05-13 07:24:00','2018-05-13 07:24:00'),(2592,8944,'ヒーター、ハンモック、かじり木','コジマ','2017-01-21','2018-05-13 07:24:00','2018-05-13 07:24:00'),(2593,1480,'かじり木、かじり木、かじり木、おやつ、おやつ','コジマ','2017-01-07','2018-05-13 07:24:00','2018-05-13 07:24:00'),(2594,4208,'ハンモック、かじり木','コジマ','2016-12-17','2018-05-13 07:24:00','2018-05-13 07:24:00'),(2595,2676,'チモシー、ペレット、齧り木','Amazon','2016-12-07','2018-05-13 07:24:00','2018-05-13 07:24:00'),(2596,324,'クリアファイル','ダイソー','2016-10-29','2018-05-13 07:24:00','2018-05-13 07:24:00'),(2597,6118,'ヒーター、カジリギ、おうち','コジマ','2016-10-29','2018-05-13 07:24:00','2018-05-13 07:24:00'),(2598,1958,'寝袋、りんごバー、なしバー','コジマ','2016-10-28','2018-05-13 07:24:00','2018-05-13 07:24:00'),(2599,2562,'嚙り木、リンゴの木、隠れ家、カジリギハウス','コジマ','2016-10-11','2018-05-13 07:24:00','2018-05-13 07:24:00'),(2600,2890,'ウサギサークル','Amazon','2016-10-09','2018-05-13 07:24:00','2018-05-13 07:24:00'),(2601,7930,'消臭砂、掃除機、針金、カジカジフェンス、スパイラル木、ゴミ箱、エネループ','Amazon','2016-10-01','2018-05-13 07:24:00','2018-05-13 07:24:00'),(2602,606,'掃除機用電池','コンビニ','2016-09-29','2018-05-13 07:24:00','2018-05-13 07:24:00'),(2603,1274,'チモシー×３','Amazon','2016-09-25','2018-05-13 07:24:00','2018-05-13 07:24:00'),(2604,1510,'カジリギ、お家','コジマ','2016-09-05','2018-05-13 07:24:00','2018-05-13 07:24:00'),(2605,2028,'チモシーシート、齧り木、ドライフルーツ','コジマ','2016-08-23','2018-05-13 07:24:00','2018-05-13 07:24:00'),(2606,2640,'えさ','Amazon','2016-08-21','2018-05-13 07:24:00','2018-05-13 07:24:00'),(2607,2310,'チモシーのお家、チモシーふたつ','Amazon','2016-08-09','2018-05-13 07:24:00','2018-05-13 07:24:00'),(2608,1180,'動物病院','','2016-08-06','2018-05-13 07:24:00','2018-05-13 07:24:00'),(2609,5672,'齧り木、木、エサ入れ、散歩ボール','コジマ','2016-08-03','2018-05-13 07:24:00','2018-05-13 07:24:00'),(2610,5800,'餌、ひんやり、お散歩ボール、ケージ','コジマ','2016-07-29','2018-05-13 07:24:00','2018-05-13 07:24:00'),(2611,2026,'砂×５','Amazon','2016-07-29','2018-05-13 07:24:00','2018-05-13 07:24:00'),(2612,4276,'かじりぎ、えさ、トンネル','コジマ','2016-07-22','2018-05-13 07:24:00','2018-05-13 07:24:00'),(2613,498,'人参のチモシー','ホームズ','2016-07-16','2018-05-13 07:24:00','2018-05-13 07:24:00'),(2614,300,'写真プリント','ホームズ','2016-07-16','2018-05-13 07:24:00','2018-05-13 07:24:00'),(2615,216,'パズーの餌箱','ダイソー','2016-07-16','2018-05-13 07:24:00','2018-05-13 07:24:00'),(2616,1898,'','コジマ','2016-07-10','2018-05-13 07:24:00','2018-05-13 07:24:00'),(2617,2766,'えさ、消臭剤','Amazon','2016-06-19','2018-05-13 07:24:00','2018-05-13 07:24:00'),(2618,6200,'水綺麗にするの、かじりぎ、藁シート、ひんやりシート','コジマ','2016-06-19','2018-05-13 07:24:00','2018-05-13 07:24:00'),(2619,2088,'除菌シート6個','Amazon','2016-06-04','2018-05-13 07:24:00','2018-05-13 07:24:00'),(2620,2626,'えさ','Amazon','2016-05-23','2018-05-13 07:24:00','2018-05-13 07:24:00'),(2621,1188,'かじりぎ','コジマ','2016-05-20','2018-05-13 07:24:00','2018-05-13 07:24:00'),(2622,2252,'のぼりぎかじりぎ','Amazon','2016-05-15','2018-05-13 07:24:00','2018-05-13 07:24:00'),(2623,2380,'砂場、はしご','Amazon','2016-05-09','2018-05-13 07:24:00','2018-05-13 07:24:00'),(2624,7948,'メイちゃんと餌','コジマ','2016-05-07','2018-05-13 07:24:00','2018-05-13 07:24:00'),(2625,2380,'砂場、はしご','Amazon','2016-05-07','2018-05-13 07:24:00','2018-05-13 07:24:00'),(2626,17182,'メイちゃん受け入れ準備','コジマ','2016-05-07','2018-05-13 07:24:00','2018-05-13 07:24:00'),(2627,4222,'カジリギ、ハンモック、おうち','コジマ','2016-04-30','2018-05-13 07:24:00','2018-05-13 07:24:00'),(2628,2200,'消臭剤5個、デグーフード','Amazon','2016-04-24','2018-05-13 07:24:00','2018-05-13 07:24:00'),(2629,1288,'掃除シート','イトーヨカドー','2016-04-17','2018-05-13 07:24:00','2018-05-13 07:24:00'),(2630,2856,'砂5個、ワラ2個','Amazon','2016-04-08','2018-05-13 07:24:00','2018-05-13 07:24:00'),(2631,1058,'体重計','オリンピック','2016-03-27','2018-05-13 07:24:00','2018-05-13 07:24:00'),(2632,916,'ステージ','コジマ','2016-03-27','2018-05-13 07:24:00','2018-05-13 07:24:00'),(2633,7846,'お家バージョンアップ','コジマ','2016-03-26','2018-05-13 07:24:00','2018-05-13 07:24:00'),(2634,1080,'','セリア','2016-03-21','2018-05-13 07:24:00','2018-05-13 07:24:00'),(2635,1200,'デグー関連','ドイト','2016-03-21','2018-05-13 07:24:00','2018-05-13 07:24:00'),(2636,200,'砂','イトーヨーカドー','2016-03-21','2018-05-13 07:24:00','2018-05-13 07:24:00'),(2637,1080,'デグー用小道具','セリア','2016-03-21','2018-05-13 07:24:00','2018-05-13 07:24:00'),(2638,3000,'デグー完全飼育','Amazon','2016-03-21','2018-05-13 07:24:00','2018-05-13 07:24:00'),(2639,21050,'パズー飼育セット一式','コジマ','2016-03-20','2018-05-13 07:24:00','2018-05-13 07:24:00'),(2640,10580,'デグー','コーナン','2016-03-20','2018-05-13 07:24:00','2018-05-13 07:24:00');
/*!40000 ALTER TABLE `boughts` ENABLE KEYS */;
UNLOCK TABLES;

--
-- Table structure for table `degus`
--

DROP TABLE IF EXISTS `degus`;
/*!40101 SET @saved_cs_client     = @@character_set_client */;
/*!40101 SET character_set_client = utf8 */;
CREATE TABLE `degus` (
  `id` bigint(20) NOT NULL AUTO_INCREMENT,
  `name` varchar(255) NOT NULL,
  `gender` int(11) NOT NULL,
  `birthday` date NOT NULL,
  `come_date` date NOT NULL,
  `leave_date` date DEFAULT NULL,
  `comment` text,
  `picture_url` varchar(255) DEFAULT NULL,
  `created_at` datetime NOT NULL,
  `updated_at` datetime NOT NULL,
  PRIMARY KEY (`id`)
) ENGINE=InnoDB AUTO_INCREMENT=28 DEFAULT CHARSET=utf8;
/*!40101 SET character_set_client = @saved_cs_client */;

--
-- Dumping data for table `degus`
--

LOCK TABLES `degus` WRITE;
/*!40000 ALTER TABLE `degus` DISABLE KEYS */;
INSERT INTO `degus` VALUES (1,'パズー',0,'2015-12-01','2016-03-20',NULL,NULL,'https://pbs.twimg.com/media/Ct0F1uZUsAEvqAm.jpg','2017-08-27 15:04:49','2017-08-27 15:04:49'),(2,'メイ',1,'2016-02-01','2016-05-07',NULL,NULL,'https://pbs.twimg.com/media/CuzjROnUMAAVrBn.jpg','2017-08-27 15:04:49','2017-08-27 15:04:49'),(3,'ジジ',0,'2016-09-01','2017-05-03',NULL,NULL,'https://pbs.twimg.com/media/DFFzOumU0AAi-Ew.jpg','2017-08-27 15:04:49','2017-08-27 15:04:49'),(4,'キキ',1,'2016-02-01','2017-05-03','2017-06-13',NULL,'https://pbs.twimg.com/media/DA_cJOMUIAEtE8L.jpg','2017-08-27 15:04:49','2017-08-27 15:04:49'),(5,'ハク',0,'2017-06-01','2017-07-09','2018-02-24',NULL,'https://pbs.twimg.com/media/DGDQbJ6UIAEEIX5.jpg','2017-08-27 15:04:49','2018-03-01 12:37:09'),(6,'セン',1,'2017-06-01','2017-07-09',NULL,NULL,'https://pbs.twimg.com/media/DEXSFe1UIAQ03Xa.jpg','2017-08-27 15:04:49','2017-08-27 15:04:49'),(7,'チヒロ',1,'2017-06-01','2017-07-09',NULL,NULL,'https://pbs.twimg.com/media/DBtqxweV0AAAjHN.jpg','2017-08-27 15:04:49','2017-08-27 15:04:49'),(8,'ハル',1,'2017-08-07','2017-08-07','2017-12-03',NULL,'https://pbs.twimg.com/media/DIPTfWqUQAA1VmT.jpg','2017-08-27 15:04:49','2017-12-09 17:05:29'),(9,'バロン',1,'2017-08-07','2017-08-07','2017-12-25',NULL,'https://pbs.twimg.com/media/DIPSaNcVAAoeaZX.jpg:large','2017-08-27 15:04:49','2018-01-06 16:39:34'),(10,'ムタ',0,'2017-08-07','2017-08-07','2017-12-28',NULL,'https://pbs.twimg.com/media/DIPj6DsUQAAQYYc.jpg','2017-08-27 15:04:49','2018-01-06 16:39:48'),(11,'ルーン',1,'2017-08-07','2017-08-07','2017-09-11',NULL,'https://pbs.twimg.com/media/DIPR0IQUwAQp5lC.jpg','2017-08-27 15:04:49','2017-09-12 15:10:44'),(12,'ユキ',1,'2017-08-07','2017-08-07','2017-12-02',NULL,'https://pbs.twimg.com/media/DIPSum0V4AE7x95.jpg','2017-08-27 15:04:49','2017-12-09 17:05:07'),(13,'トト',1,'2017-08-07','2017-08-07','2017-12-03',NULL,'https://pbs.twimg.com/media/DIPUaMXVAAALhht.jpg','2017-08-27 15:04:49','2017-12-09 17:05:24'),(14,'ナトル',0,'2017-08-07','2017-08-07','2018-03-25',NULL,'https://pbs.twimg.com/media/DIPVQGHVoAAI1e-.jpg','2017-08-27 15:04:49','2018-04-01 08:19:46'),(15,'ソフィー',1,'2017-11-16','2017-11-16','2018-01-07',NULL,'https://pbs.twimg.com/media/DR01bgwU8AAfaCa.jpg','2017-12-24 16:58:56','2018-02-12 07:06:41'),(16,'レティー',1,'2017-11-16','2017-11-16','2018-03-21',NULL,'https://pbs.twimg.com/media/DR01bgvUIAAU5f3.jpg','2017-12-24 16:58:56','2018-04-01 08:19:36'),(17,'ハウル',0,'2017-11-16','2017-11-16','2018-03-11',NULL,'https://pbs.twimg.com/media/DR01bgxUEAACaY6.jpg','2017-12-24 16:58:56','2018-03-13 09:14:23'),(18,'カルシファー',0,'2017-11-16','2017-11-16','2018-01-06',NULL,'https://pbs.twimg.com/media/DR01bg3UQAUhS-U.jpg','2017-12-24 16:58:56','2018-01-06 16:34:56'),(19,'マルグル',0,'2017-11-16','2017-11-16','2018-01-14',NULL,'https://pbs.twimg.com/media/DR02-ggV4AAK9Or.jpg','2017-12-24 16:58:56','2018-02-12 07:06:59'),(20,'マーサ',1,'2017-11-16','2017-11-16','2018-01-07',NULL,'https://pbs.twimg.com/media/DR02-gbVoAAi3ap.jpg','2017-12-24 16:58:56','2018-02-12 07:06:24'),(21,'サリマン',1,'2017-11-16','2017-11-16','2018-02-18',NULL,'https://pbs.twimg.com/media/DR02-hLUIAAeX_M.jpg','2017-12-24 16:58:56','2018-03-01 12:36:53'),(22,'セイジ',0,'2017-12-15','2017-12-15','2018-03-19',NULL,'https://pbs.twimg.com/media/DS3zpNbUQAAuUJe.jpg','2018-01-06 16:33:19','2018-04-01 08:20:16'),(23,'シズク',1,'2017-12-15','2017-12-15','2018-01-28',NULL,'https://pbs.twimg.com/media/DS3zpNcV4AE2hAQ.jpg','2018-01-06 16:33:19','2018-02-12 07:07:13'),(24,'シロウ',0,'2017-12-15','2017-12-15','2018-02-03',NULL,'https://pbs.twimg.com/media/DS3zpNcVQAEA9N0.jpg','2018-01-06 16:33:19','2018-02-12 07:14:47'),(25,'シホ',1,'2017-12-15','2017-12-15','2018-03-01',NULL,'https://pbs.twimg.com/media/DS3z2GFU8AAlcic.jpg','2018-01-06 16:33:19','2018-03-01 12:37:39'),(26,'コウイチ',0,'2017-12-15','2017-12-15','2018-03-21',NULL,'https://pbs.twimg.com/media/DS3z2GHVQAA9T6c.jpg','2018-01-06 16:33:19','2018-04-01 08:19:25'),(27,'コウジ',1,'2017-12-15','2017-12-15','2018-02-03',NULL,'https://pbs.twimg.com/media/DS3z2GGVoAAKyXk.jpg','2018-01-06 16:33:19','2018-02-12 07:07:54');
/*!40000 ALTER TABLE `degus` ENABLE KEYS */;
UNLOCK TABLES;

--
-- Table structure for table `measurements`
--

DROP TABLE IF EXISTS `measurements`;
/*!40101 SET @saved_cs_client     = @@character_set_client */;
/*!40101 SET character_set_client = utf8 */;
CREATE TABLE `measurements` (
  `id` bigint(20) NOT NULL AUTO_INCREMENT,
  `date` date DEFAULT NULL,
  `created_at` datetime NOT NULL,
  `updated_at` datetime NOT NULL,
  PRIMARY KEY (`id`)
) ENGINE=InnoDB AUTO_INCREMENT=66 DEFAULT CHARSET=utf8;
/*!40101 SET character_set_client = @saved_cs_client */;

--
-- Dumping data for table `measurements`
--

LOCK TABLES `measurements` WRITE;
/*!40000 ALTER TABLE `measurements` DISABLE KEYS */;
INSERT INTO `measurements` VALUES (1,'2016-09-23','2017-08-27 15:04:50','2017-08-27 15:04:50'),(2,'2016-09-28','2017-08-27 15:04:50','2017-08-27 15:04:50'),(3,'2016-10-08','2017-08-27 15:04:50','2017-08-27 15:04:50'),(4,'2016-10-14','2017-08-27 15:04:50','2017-08-27 15:04:50'),(5,'2016-11-19','2017-08-27 15:04:50','2017-08-27 15:04:50'),(6,'2016-12-04','2017-08-27 15:04:50','2017-08-27 15:04:50'),(7,'2016-12-10','2017-08-27 15:04:50','2017-08-27 15:04:50'),(8,'2016-12-22','2017-08-27 15:04:50','2017-08-27 15:04:50'),(9,'2017-01-06','2017-08-27 15:04:51','2017-08-27 15:04:51'),(10,'2017-01-13','2017-08-27 15:04:51','2017-08-27 15:04:51'),(11,'2017-01-21','2017-08-27 15:04:51','2017-08-27 15:04:51'),(12,'2017-01-27','2017-08-27 15:04:51','2017-08-27 15:04:51'),(13,'2017-02-04','2017-08-27 15:04:51','2017-08-27 15:04:51'),(14,'2017-02-11','2017-08-27 15:04:51','2017-08-27 15:04:51'),(15,'2017-02-18','2017-08-27 15:04:51','2017-08-27 15:04:51'),(16,'2017-02-25','2017-08-27 15:04:51','2017-08-27 15:04:51'),(17,'2017-03-04','2017-08-27 15:04:51','2017-08-27 15:04:51'),(18,'2017-03-12','2017-08-27 15:04:51','2017-08-27 15:04:51'),(19,'2017-03-17','2017-08-27 15:04:51','2017-08-27 15:04:51'),(20,'2017-03-25','2017-08-27 15:04:51','2017-08-27 15:04:51'),(21,'2017-04-02','2017-08-27 15:04:51','2017-08-27 15:04:51'),(22,'2017-04-09','2017-08-27 15:04:51','2017-08-27 15:04:51'),(23,'2017-04-23','2017-08-27 15:04:51','2017-08-27 15:04:51'),(24,'2017-04-30','2017-08-27 15:04:51','2017-08-27 15:04:51'),(25,'2017-05-05','2017-08-27 15:04:51','2017-08-27 15:04:51'),(26,'2017-05-15','2017-08-27 15:04:51','2017-08-27 15:04:51'),(27,'2017-05-20','2017-08-27 15:04:51','2017-08-27 15:04:51'),(28,'2017-05-27','2017-08-27 15:04:51','2017-08-27 15:04:51'),(29,'2017-06-03','2017-08-27 15:04:51','2017-08-27 15:04:51'),(30,'2017-06-25','2017-08-27 15:04:51','2017-08-27 15:04:51'),(31,'2017-07-02','2017-08-27 15:04:51','2017-08-27 15:04:51'),(32,'2017-07-09','2017-08-27 15:04:51','2017-08-27 15:04:51'),(33,'2017-07-17','2017-08-27 15:04:51','2017-08-27 15:04:51'),(34,'2017-07-21','2017-08-27 15:04:51','2017-08-27 15:04:51'),(35,'2017-07-29','2017-08-27 15:04:51','2017-08-27 15:04:51'),(36,'2017-08-07','2017-08-27 15:04:52','2017-08-27 15:04:52'),(37,'2017-08-12','2017-08-27 15:04:52','2017-08-27 15:04:52'),(38,'2017-08-18','2017-08-27 15:04:52','2017-08-27 15:04:52'),(39,'2017-08-27','2017-08-27 15:04:52','2017-08-27 15:04:52'),(40,'2017-09-04','2017-09-04 14:00:56','2017-09-04 14:00:56'),(41,'2017-09-13','2017-09-12 15:12:20','2017-09-12 15:12:20'),(42,'2017-09-18','2017-09-18 16:49:20','2017-09-18 16:49:20'),(43,'2017-09-24','2017-09-24 14:26:22','2017-09-24 14:26:22'),(44,'2017-09-30','2017-09-30 14:48:33','2017-09-30 14:48:33'),(46,'2017-10-08','2017-10-08 12:26:05','2017-10-08 12:26:05'),(47,'2017-10-16','2017-10-15 15:10:05','2017-10-15 15:10:05'),(48,'2017-10-22','2017-10-22 12:59:43','2017-10-22 12:59:43'),(49,'2017-10-29','2017-10-28 16:34:32','2017-10-28 16:34:32'),(50,'2017-11-05','2017-11-05 08:25:16','2017-11-05 08:25:16'),(51,'2017-11-13','2017-11-13 14:49:26','2017-11-13 14:49:26'),(52,'2017-11-20','2017-11-19 16:23:24','2017-11-19 16:23:24'),(53,'2017-11-29','2017-11-30 12:37:39','2017-11-30 12:37:39'),(54,'2017-12-09','2017-12-09 16:49:24','2017-12-09 16:49:24'),(55,'2017-12-24','2017-12-24 17:05:24','2017-12-24 17:05:24'),(56,'2018-01-07','2018-01-06 16:38:00','2018-01-06 16:38:00'),(57,'2018-02-12','2018-02-12 07:14:54','2018-02-12 07:14:54'),(59,'2018-02-27','2018-03-01 12:33:48','2018-03-01 12:33:48'),(60,'2018-03-17','2018-03-18 15:36:56','2018-03-18 15:36:56'),(61,'2018-04-01','2018-04-01 08:20:40','2018-04-01 08:20:40'),(62,'2018-04-08','2018-04-08 14:09:58','2018-04-08 14:09:58'),(63,'2018-04-22','2018-04-21 16:02:43','2018-04-21 16:02:43'),(64,'2018-05-11','2018-05-13 07:25:29','2018-05-13 07:25:29'),(65,'2018-05-21','2018-05-20 15:53:01','2018-05-20 15:53:01');
/*!40000 ALTER TABLE `measurements` ENABLE KEYS */;
UNLOCK TABLES;

--
-- Table structure for table `pictures`
--

DROP TABLE IF EXISTS `pictures`;
/*!40101 SET @saved_cs_client     = @@character_set_client */;
/*!40101 SET character_set_client = utf8 */;
CREATE TABLE `pictures` (
  `id` bigint(20) NOT NULL AUTO_INCREMENT,
  `tweet_id` bigint(20) DEFAULT NULL,
  `url` varchar(255) DEFAULT NULL,
  `created_at` datetime NOT NULL,
  `updated_at` datetime NOT NULL,
  PRIMARY KEY (`id`),
  KEY `index_pictures_on_tweet_id` (`tweet_id`),
  CONSTRAINT `fk_rails_bea8130eaf` FOREIGN KEY (`tweet_id`) REFERENCES `tweets` (`id`)
) ENGINE=InnoDB AUTO_INCREMENT=256 DEFAULT CHARSET=utf8;
/*!40101 SET character_set_client = @saved_cs_client */;

--
-- Dumping data for table `pictures`
--

LOCK TABLES `pictures` WRITE;
/*!40000 ALTER TABLE `pictures` DISABLE KEYS */;
INSERT INTO `pictures` VALUES (1,1,'https://pbs.twimg.com/media/DIPrujMUEAEgPlV.jpg','2017-08-27 15:16:22','2017-08-27 15:16:22'),(2,2,'https://pbs.twimg.com/media/DIPj6DsUQAAQYYc.jpg','2017-08-27 15:16:22','2017-08-27 15:16:22'),(3,3,'https://pbs.twimg.com/media/DIPVQGHVoAAI1e-.jpg','2017-08-27 15:16:23','2017-08-27 15:16:23'),(4,4,'https://pbs.twimg.com/media/DIPUaMXVAAALhht.jpg','2017-08-27 15:16:23','2017-08-27 15:16:23'),(5,5,'https://pbs.twimg.com/media/DIPTfWqUQAA1VmT.jpg','2017-08-27 15:16:24','2017-08-27 15:16:24'),(6,6,'https://pbs.twimg.com/media/DIPSum0V4AE7x95.jpg','2017-08-27 15:16:24','2017-08-27 15:16:24'),(7,7,'https://pbs.twimg.com/media/DIPSaNcVAAoeaZX.jpg','2017-08-27 15:16:25','2017-08-27 15:16:25'),(8,8,'https://pbs.twimg.com/media/DIPR0IQUwAQp5lC.jpg','2017-08-27 15:16:26','2017-08-27 15:16:26'),(9,9,'https://pbs.twimg.com/media/DHhUtB0UMAAIDOt.jpg','2017-08-27 15:16:26','2017-08-27 15:16:26'),(10,10,'https://pbs.twimg.com/media/DHaGpdFV0AED3R7.jpg','2017-08-27 15:16:27','2017-08-27 15:16:27'),(11,11,'https://pbs.twimg.com/media/DHRdMzDU0AAGBTI.jpg','2017-08-27 15:16:27','2017-08-27 15:16:27'),(12,12,'https://pbs.twimg.com/media/DHRcy6LV0AAM55V.jpg','2017-08-27 15:16:28','2017-08-27 15:16:28'),(13,14,'https://pbs.twimg.com/media/DHP4jaCV0AA5a4k.jpg','2017-08-27 15:16:29','2017-08-27 15:16:29'),(14,15,'https://pbs.twimg.com/media/DHIU7PTUwAAZEgG.jpg','2017-08-27 15:16:29','2017-08-27 15:16:29'),(15,15,'https://pbs.twimg.com/media/DHQROm-VYAEigw2.jpg','2017-08-27 15:16:29','2017-08-27 15:16:29'),(16,16,'https://pbs.twimg.com/media/DHIUt6nUQAAQuGV.jpg','2017-08-27 15:16:30','2017-08-27 15:16:30'),(17,17,'https://pbs.twimg.com/media/DHITp8PUMAA4Hs-.jpg','2017-08-27 15:16:31','2017-08-27 15:16:31'),(18,18,'https://pbs.twimg.com/media/DG9Q69iVoAA0i1p.jpg','2017-08-27 15:16:32','2017-08-27 15:16:32'),(19,19,'https://pbs.twimg.com/media/DG9QfEhUIAE_6qw.jpg','2017-08-27 15:16:32','2017-08-27 15:16:32'),(20,20,'https://pbs.twimg.com/media/DG3x-QsUIAAvrGK.jpg','2017-08-27 15:16:33','2017-08-27 15:16:33'),(21,21,'https://pbs.twimg.com/media/DGyVSAoVoAA0vD4.jpg','2017-08-27 15:16:33','2017-08-27 15:16:33'),(22,22,'https://pbs.twimg.com/media/DG4viXBV0AEug4s.jpg','2017-08-27 15:16:34','2017-08-27 15:16:34'),(23,23,'https://pbs.twimg.com/media/DG1URKvUMAAfa-H.jpg','2017-08-27 15:16:34','2017-08-27 15:16:34'),(24,24,'https://pbs.twimg.com/media/DGyUYyEUwAAlSp4.jpg','2017-08-27 15:16:35','2017-08-27 15:16:35'),(25,25,'https://pbs.twimg.com/media/DGx2gAuUMAA_LV-.jpg','2017-08-27 15:16:35','2017-08-27 15:16:35'),(26,26,'https://pbs.twimg.com/media/DGw1QaKWAAAboZ-.jpg','2017-08-27 15:16:36','2017-08-27 15:16:36'),(27,27,'https://pbs.twimg.com/media/DGtL5jIU0AEpi2A.jpg','2017-08-27 15:16:37','2017-08-27 15:16:37'),(28,28,'https://pbs.twimg.com/media/DGrQlsqUQAA0m0m.jpg','2017-08-27 15:16:37','2017-08-27 15:16:37'),(29,29,'https://pbs.twimg.com/media/DGogbqCVwAAJu2o.jpg','2017-08-27 15:16:38','2017-08-27 15:16:38'),(30,30,'https://pbs.twimg.com/media/DGoVpCfVwAALI7C.jpg','2017-08-27 15:16:39','2017-08-27 15:16:39'),(31,31,'https://pbs.twimg.com/media/DGoIew_UAAA-alQ.jpg','2017-08-27 15:16:39','2017-08-27 15:16:39'),(32,32,'https://pbs.twimg.com/media/DGnnpAnUIAA61bA.jpg','2017-08-27 15:16:40','2017-08-27 15:16:40'),(33,32,'https://pbs.twimg.com/media/DGnozjPUQAAJYgr.jpg','2017-08-27 15:16:40','2017-08-27 15:16:40'),(34,33,'https://pbs.twimg.com/media/DGicNVFUMAEj-RT.jpg','2017-08-27 15:16:40','2017-08-27 15:16:40'),(35,33,'https://pbs.twimg.com/media/DGicQWAVwAASVux.jpg','2017-08-27 15:16:40','2017-08-27 15:16:40'),(36,34,'https://pbs.twimg.com/media/DGSoRyyU0AAki-t.jpg','2017-08-27 15:16:41','2017-08-27 15:16:41'),(37,35,'https://pbs.twimg.com/media/DGNx407UAAEXaM3.jpg','2017-08-27 15:16:41','2017-08-27 15:16:41'),(38,35,'https://pbs.twimg.com/media/DGNx6a4UIAAjt4e.jpg','2017-08-27 15:16:41','2017-08-27 15:16:41'),(39,36,'https://pbs.twimg.com/media/DGDQbJ6UIAEEIX5.jpg','2017-08-27 15:16:42','2017-08-27 15:16:42'),(40,37,'https://pbs.twimg.com/media/DF89yTtUIAAFQUK.jpg','2017-08-27 15:16:42','2017-08-27 15:16:42'),(41,38,'https://pbs.twimg.com/media/DF4Hq_rV0AAv3sn.jpg','2017-08-27 15:16:43','2017-08-27 15:16:43'),(42,40,'https://pbs.twimg.com/media/DFf_q3OU0AAYgPN.jpg','2017-08-27 15:16:44','2017-08-27 15:16:44'),(43,41,'https://pbs.twimg.com/media/DFf2Z80UIAEY9No.jpg','2017-08-27 15:16:45','2017-08-27 15:16:45'),(44,42,'https://pbs.twimg.com/media/DFePFaEVYAA3zZs.jpg','2017-08-27 15:16:45','2017-08-27 15:16:45'),(45,43,'https://pbs.twimg.com/media/DFZO7OTWsAAKmDh.jpg','2017-08-27 15:16:46','2017-08-27 15:16:46'),(46,44,'https://pbs.twimg.com/media/DFUlBV-VwAAGMMl.jpg','2017-08-27 15:16:46','2017-08-27 15:16:46'),(47,45,'https://pbs.twimg.com/media/DFRQ-kLUQAAp-ew.jpg','2017-08-27 15:16:47','2017-08-27 15:16:47'),(48,46,'https://pbs.twimg.com/media/DFLFuU1UwAATZnq.jpg','2017-08-27 15:16:48','2017-08-27 15:16:48'),(49,47,'https://pbs.twimg.com/media/DFFzOumU0AAi-Ew.jpg','2017-08-27 15:16:48','2017-08-27 15:16:48'),(50,48,'https://pbs.twimg.com/media/DFD1LN_VwAA44tz.jpg','2017-08-27 15:16:48','2017-08-27 15:16:48'),(51,49,'https://pbs.twimg.com/media/DExrdswUwAAz7TA.jpg','2017-08-27 15:16:49','2017-08-27 15:16:49'),(52,50,'https://pbs.twimg.com/media/DExqyG4VwAAmMIJ.jpg','2017-08-27 15:16:49','2017-08-27 15:16:49'),(53,51,'https://pbs.twimg.com/media/DE6TMXUVwAAJbvb.jpg','2017-08-27 15:16:50','2017-08-27 15:16:50'),(54,52,'https://pbs.twimg.com/media/DExrP7DVYAAejii.jpg','2017-08-27 15:16:51','2017-08-27 15:16:51'),(55,53,'https://pbs.twimg.com/media/DExTDcJVoAAy-o2.jpg','2017-08-27 15:16:52','2017-08-27 15:16:52'),(56,53,'https://pbs.twimg.com/media/DExTDstUAAAehJo.jpg','2017-08-27 15:16:52','2017-08-27 15:16:52'),(57,54,'https://pbs.twimg.com/media/DEsBvAOUIAAvwbS.jpg','2017-08-27 15:16:53','2017-08-27 15:16:53'),(58,55,'https://pbs.twimg.com/media/DEhsFMNXoAQREne.jpg','2017-08-27 15:16:53','2017-08-27 15:16:53'),(59,55,'https://pbs.twimg.com/media/DEhsFeYWAAApI9O.jpg','2017-08-27 15:16:53','2017-08-27 15:16:53'),(60,56,'https://pbs.twimg.com/media/DEXSFe1UIAQ03Xa.jpg','2017-08-27 15:16:54','2017-08-27 15:16:54'),(61,56,'https://pbs.twimg.com/media/DEXSHQ4UwAAWg0g.jpg','2017-08-27 15:16:54','2017-08-27 15:16:54'),(62,57,'https://pbs.twimg.com/media/DERy2h_UwAAQ0b4.jpg','2017-08-27 15:16:54','2017-08-27 15:16:54'),(63,58,'https://pbs.twimg.com/media/DEMxsf8UIAAGQsY.jpg','2017-08-27 15:16:55','2017-08-27 15:16:55'),(64,58,'https://pbs.twimg.com/media/DEQP_40UAAAm1v2.jpg','2017-08-27 15:16:55','2017-08-27 15:16:55'),(65,58,'https://pbs.twimg.com/media/DEQP_4zVwAI8qB_.jpg','2017-08-27 15:16:55','2017-08-27 15:16:55'),(66,58,'https://pbs.twimg.com/media/DEQP_41UAAAwYJX.jpg','2017-08-27 15:16:55','2017-08-27 15:16:55'),(67,59,'https://pbs.twimg.com/media/DECrKO5UIAENPeH.jpg','2017-08-27 15:16:55','2017-08-27 15:16:55'),(68,60,'https://pbs.twimg.com/media/DDze7lCU0AEqR5M.jpg','2017-08-27 15:16:56','2017-08-27 15:16:56'),(69,61,'https://pbs.twimg.com/media/DDj8Fc3VYAEgYiy.jpg','2017-08-27 15:16:56','2017-08-27 15:16:56'),(70,62,'https://pbs.twimg.com/media/DDKWEErUQAAV_d8.jpg','2017-08-27 15:16:57','2017-08-27 15:16:57'),(71,63,'https://pbs.twimg.com/media/DDEtAfvU0AEMIK5.jpg','2017-08-27 15:16:58','2017-08-27 15:16:58'),(72,64,'https://pbs.twimg.com/media/DCpBcq5UMAAjB0z.jpg','2017-08-27 15:16:58','2017-08-27 15:16:58'),(73,65,'https://pbs.twimg.com/media/DCH1-GpVYAAnUs3.jpg','2017-08-27 15:16:59','2017-08-27 15:16:59'),(74,65,'https://pbs.twimg.com/media/DCKCOC7VoAATPH5.jpg','2017-08-27 15:16:59','2017-08-27 15:16:59'),(75,65,'https://pbs.twimg.com/media/DCIriZuUAAAPlYU.jpg','2017-08-27 15:16:59','2017-08-27 15:16:59'),(76,65,'https://pbs.twimg.com/media/DCH5PSkUAAMSat4.jpg','2017-08-27 15:16:59','2017-08-27 15:16:59'),(77,65,'https://pbs.twimg.com/media/DCH3o-SV0AAZyYu.jpg','2017-08-27 15:16:59','2017-08-27 15:16:59'),(78,66,'https://pbs.twimg.com/media/DBtqxweV0AAAjHN.jpg','2017-08-27 15:16:59','2017-08-27 15:16:59'),(79,66,'https://pbs.twimg.com/media/DBtqxw6UAAE075Q.jpg','2017-08-27 15:16:59','2017-08-27 15:16:59'),(80,66,'https://pbs.twimg.com/media/DBtqxw6VYAAy3JN.jpg','2017-08-27 15:16:59','2017-08-27 15:16:59'),(81,66,'https://pbs.twimg.com/media/DBtqxxHUIAAjmkp.jpg','2017-08-27 15:16:59','2017-08-27 15:16:59'),(82,68,'https://pbs.twimg.com/media/DBJrVWTUMAEhTrf.jpg','2017-08-27 15:17:00','2017-08-27 15:17:00'),(83,69,'https://pbs.twimg.com/media/DBEuLRTUwAU-7ES.jpg','2017-08-27 15:17:01','2017-08-27 15:17:01'),(84,70,'https://pbs.twimg.com/media/DA_cJOMUIAEtE8L.jpg','2017-08-27 15:17:01','2017-08-27 15:17:01'),(85,71,'https://pbs.twimg.com/media/DAv2pdzVwAABkok.jpg','2017-08-27 15:17:02','2017-08-27 15:17:02'),(86,72,'https://pbs.twimg.com/media/DArAGs0WAAAEg--.jpg','2017-08-27 15:17:03','2017-08-27 15:17:03'),(87,72,'https://pbs.twimg.com/media/DArAULcWAAExWXc.jpg','2017-08-27 15:17:03','2017-08-27 15:17:03'),(88,73,'https://pbs.twimg.com/media/DAliirxWsAEPYS6.jpg','2017-08-27 15:17:03','2017-08-27 15:17:03'),(89,73,'https://pbs.twimg.com/media/DAlil63XoAQ2OgB.jpg','2017-08-27 15:17:03','2017-08-27 15:17:03'),(90,73,'https://pbs.twimg.com/media/DAlipnrXcAAsu4w.jpg','2017-08-27 15:17:03','2017-08-27 15:17:03'),(91,73,'https://pbs.twimg.com/media/DAlis-aXYAAE8bU.jpg','2017-08-27 15:17:03','2017-08-27 15:17:03'),(92,74,'https://pbs.twimg.com/media/DAWYlcCVoAAAF1r.jpg','2017-08-27 15:17:04','2017-08-27 15:17:04'),(93,75,'https://pbs.twimg.com/media/DARAFpaUQAAk2BR.jpg','2017-08-27 15:17:04','2017-08-27 15:17:04'),(94,76,'https://pbs.twimg.com/media/DALxWRXUQAQlCXT.jpg','2017-08-27 15:17:05','2017-08-27 15:17:05'),(95,76,'https://pbs.twimg.com/media/DALxWQ9U0AAdpat.jpg','2017-08-27 15:17:05','2017-08-27 15:17:05'),(96,77,'https://pbs.twimg.com/media/C_3ZXgxUAAAxtJi.jpg','2017-08-27 15:17:05','2017-08-27 15:17:05'),(97,77,'https://pbs.twimg.com/media/C_3ZXg2UIAAyjIq.jpg','2017-08-27 15:17:05','2017-08-27 15:17:05'),(98,77,'https://pbs.twimg.com/media/C_3ZXgzV0AAWddy.jpg','2017-08-27 15:17:05','2017-08-27 15:17:05'),(99,77,'https://pbs.twimg.com/media/C_3ZXgzVwAAoLPL.jpg','2017-08-27 15:17:05','2017-08-27 15:17:05'),(100,79,'https://pbs.twimg.com/media/C_ifodjU0AQ5WOZ.jpg','2017-08-27 15:17:06','2017-08-27 15:17:06'),(101,79,'https://pbs.twimg.com/media/C_ifpMGV0AA-Di9.jpg','2017-08-27 15:17:06','2017-08-27 15:17:06'),(102,80,'https://pbs.twimg.com/media/C_Y0Qe6XoAASvQK.jpg','2017-08-27 15:17:07','2017-08-27 15:17:07'),(103,81,'https://pbs.twimg.com/media/C_YUZ4EW0AM5hwn.jpg','2017-08-27 15:17:08','2017-08-27 15:17:08'),(104,82,'https://pbs.twimg.com/media/C_OkBlYUMAAScs5.jpg','2017-08-27 15:17:08','2017-08-27 15:17:08'),(105,83,'https://pbs.twimg.com/media/C_InmzEUAAAPxcU.jpg','2017-08-27 15:17:09','2017-08-27 15:17:09'),(106,84,'https://pbs.twimg.com/media/C--TlQpUwAAxnJi.jpg','2017-08-27 15:17:09','2017-08-27 15:17:09'),(107,85,'https://pbs.twimg.com/media/C-5M0FGXsAIX0Z3.jpg','2017-08-27 15:17:10','2017-08-27 15:17:10'),(108,86,'https://pbs.twimg.com/media/C-40TZ9UwAA0lV8.jpg','2017-08-27 15:17:11','2017-08-27 15:17:11'),(109,87,'https://pbs.twimg.com/media/C-bHFiRUMAEC96u.jpg','2017-08-27 15:17:11','2017-08-27 15:17:11'),(110,88,'https://pbs.twimg.com/media/C8tNE90UAAAyeI2.jpg','2017-08-27 15:17:12','2017-08-27 15:17:12'),(111,90,'https://pbs.twimg.com/media/C6ZibNtU4AAQXGf.jpg','2017-08-27 15:17:13','2017-08-27 15:17:13'),(112,91,'https://pbs.twimg.com/media/C5fDrRoU4AEPG6d.jpg','2017-08-27 15:17:13','2017-08-27 15:17:13'),(113,92,'https://pbs.twimg.com/media/C47_6sOVcAEfOe0.jpg','2017-08-27 15:17:13','2017-08-27 15:17:13'),(114,93,'https://pbs.twimg.com/media/C4oo7oJVYAA4YRf.jpg','2017-08-27 15:17:14','2017-08-27 15:17:14'),(115,94,'https://pbs.twimg.com/media/C4i6ZTzVUAE6H3B.jpg','2017-08-27 15:17:14','2017-08-27 15:17:14'),(116,95,'https://pbs.twimg.com/media/C4YY_MLUEAADIps.jpg','2017-08-27 15:17:15','2017-08-27 15:17:15'),(117,96,'https://pbs.twimg.com/media/C4MvwY7UcAA89Pi.jpg','2017-08-27 15:17:16','2017-08-27 15:17:16'),(118,97,'https://pbs.twimg.com/media/C4CnXMUUMAAtfPu.jpg','2017-08-27 15:17:16','2017-08-27 15:17:16'),(119,98,'https://pbs.twimg.com/media/C35qB17UYAEExrl.jpg','2017-08-27 15:17:16','2017-08-27 15:17:16'),(120,99,'https://pbs.twimg.com/media/C34zVO8UMAAqvWn.jpg','2017-08-27 15:17:17','2017-08-27 15:17:17'),(121,100,'https://pbs.twimg.com/media/C3qZqN4VUAA0ozW.jpg','2017-08-27 15:17:17','2017-08-27 15:17:17'),(122,101,'https://pbs.twimg.com/media/C27tF2iVIAA7jRQ.jpg','2017-08-27 15:17:18','2017-08-27 15:17:18'),(123,102,'https://pbs.twimg.com/media/C22r6eqUQAA1B4d.jpg','2017-08-27 15:17:18','2017-08-27 15:17:18'),(124,102,'https://pbs.twimg.com/media/C22r6etVQAAhKBF.jpg','2017-08-27 15:17:18','2017-08-27 15:17:18'),(125,103,'https://pbs.twimg.com/media/C1kj1KZVIAAoL7J.jpg','2017-08-27 15:17:20','2017-08-27 15:17:20'),(126,104,'https://pbs.twimg.com/media/C1Pmq50VQAEcZ8C.jpg','2017-08-27 15:17:20','2017-08-27 15:17:20'),(127,105,'https://pbs.twimg.com/media/C1K21z_UUAEVCOt.jpg','2017-08-27 15:17:21','2017-08-27 15:17:21'),(128,106,'https://pbs.twimg.com/media/C1AbR0QUkAEK2mP.jpg','2017-08-27 15:17:21','2017-08-27 15:17:21'),(129,107,'https://pbs.twimg.com/media/C057JcuUQAAEa8r.jpg','2017-08-27 15:17:22','2017-08-27 15:17:22'),(130,108,'https://pbs.twimg.com/media/CzTSYxLUQAI-WZG.jpg','2017-08-27 15:17:22','2017-08-27 15:17:22'),(131,109,'https://pbs.twimg.com/media/CyQ9cSjUoAAUCgj.jpg','2017-08-27 15:17:23','2017-08-27 15:17:23'),(132,110,'https://pbs.twimg.com/media/CyBi2oyUkAADC9V.jpg','2017-08-27 15:17:23','2017-08-27 15:17:23'),(133,111,'https://pbs.twimg.com/media/Cx0yTXRUcAAH3If.jpg','2017-08-27 15:17:24','2017-08-27 15:17:24'),(134,112,'https://pbs.twimg.com/media/CxnTe36UcAA5WwW.jpg','2017-08-27 15:17:24','2017-08-27 15:17:24'),(135,113,'https://pbs.twimg.com/media/CwWF3SvUUAAmUTz.jpg','2017-08-27 15:17:25','2017-08-27 15:17:25'),(136,114,'https://pbs.twimg.com/media/CvNbKmMUAAEswcL.jpg','2017-08-27 15:17:25','2017-08-27 15:17:25'),(137,115,'https://pbs.twimg.com/media/CuzjROnUMAAVrBn.jpg','2017-08-27 15:17:25','2017-08-27 15:17:25'),(138,116,'https://pbs.twimg.com/media/CuziTZoUIAAs5TK.jpg','2017-08-27 15:17:26','2017-08-27 15:17:26'),(139,116,'https://pbs.twimg.com/media/CuziTvsVMAAYjuR.jpg','2017-08-27 15:17:26','2017-08-27 15:17:26'),(140,117,'https://pbs.twimg.com/media/Ct0F1uZUsAEvqAm.jpg','2017-08-27 15:17:26','2017-08-27 15:17:26'),(141,118,'https://pbs.twimg.com/media/CszG4eoVIAATJdM.jpg','2017-08-27 15:17:27','2017-08-27 15:17:27'),(142,119,'https://pbs.twimg.com/media/Cstxa0HVUAEr9w6.jpg','2017-08-27 15:17:27','2017-08-27 15:17:27'),(143,120,'https://pbs.twimg.com/media/CsoU_DHVIAA9Pbp.jpg','2017-08-27 15:17:27','2017-08-27 15:17:27'),(144,121,'https://pbs.twimg.com/media/CsjXyb7VIAALmwN.jpg','2017-08-27 15:17:28','2017-08-27 15:17:28'),(145,122,'https://pbs.twimg.com/media/CrlgjrrUsAEFTzM.jpg','2017-08-27 15:17:28','2017-08-27 15:17:28'),(146,124,'https://pbs.twimg.com/media/DIs1ve7VYAEohjo.jpg','2017-09-04 14:04:20','2017-09-04 14:04:20'),(147,125,'https://pbs.twimg.com/media/DIs1lWdVYAA2AR6.jpg','2017-09-04 14:04:20','2017-09-04 14:04:20'),(148,126,'https://pbs.twimg.com/media/DIsc7pyVoAAsn6j.jpg','2017-09-04 14:04:21','2017-09-04 14:04:21'),(149,127,'https://pbs.twimg.com/media/DIb8JEKV4AUS8Xf.jpg','2017-09-04 14:04:21','2017-09-04 14:04:21'),(150,128,'https://pbs.twimg.com/media/DIT9txIV4AAY8Pk.jpg','2017-09-04 14:04:22','2017-09-04 14:04:22'),(151,130,'https://pbs.twimg.com/media/DI492hyVYAAmcRO.jpg','2017-09-09 13:36:52','2017-09-09 13:36:52'),(152,130,'https://pbs.twimg.com/media/DI8_mXBUMAAE3FC.jpg','2017-09-09 13:36:52','2017-09-09 13:36:52'),(153,132,'https://pbs.twimg.com/media/DLdp0KYU8AAHFKb.jpg','2017-10-08 12:32:07','2017-10-08 12:32:07'),(154,133,'https://pbs.twimg.com/media/DLYU6U2UEAErqSe.jpg','2017-10-08 12:32:07','2017-10-08 12:32:07'),(155,134,'https://pbs.twimg.com/media/DLQvYZHV4AAvgDB.jpg','2017-10-08 12:32:08','2017-10-08 12:32:08'),(156,135,'https://pbs.twimg.com/media/DK8LCqHVwAACoS6.jpg','2017-10-08 12:32:08','2017-10-08 12:32:08'),(157,136,'https://pbs.twimg.com/media/DK3E28cUMAU0KjN.jpg','2017-10-08 12:32:10','2017-10-08 12:32:10'),(158,136,'https://pbs.twimg.com/media/DK3E4igVoAUStLI.jpg','2017-10-08 12:32:10','2017-10-08 12:32:10'),(159,136,'https://pbs.twimg.com/media/DK3E62gVwAE3iUP.jpg','2017-10-08 12:32:10','2017-10-08 12:32:10'),(160,137,'https://pbs.twimg.com/media/DKtIk5oWsAEQEoZ.jpg','2017-10-08 12:32:10','2017-10-08 12:32:10'),(161,137,'https://pbs.twimg.com/media/DKtImGBXUAAnbLP.jpg','2017-10-08 12:32:10','2017-10-08 12:32:10'),(162,137,'https://pbs.twimg.com/media/DKtIotHWsAEzEsP.jpg','2017-10-08 12:32:11','2017-10-08 12:32:11'),(163,138,'https://pbs.twimg.com/media/DKoLbJzUQAA3LOC.jpg','2017-10-08 12:32:11','2017-10-08 12:32:11'),(164,139,'https://pbs.twimg.com/media/DKfxyOnVYAAN48W.jpg','2017-10-08 12:32:12','2017-10-08 12:32:12'),(165,140,'https://pbs.twimg.com/media/DKQVsIOUMAAb65R.jpg','2017-10-08 12:32:13','2017-10-08 12:32:13'),(166,141,'https://pbs.twimg.com/media/DJ884bgVwAEiBSz.jpg','2017-10-08 12:32:14','2017-10-08 12:32:14'),(167,142,'https://pbs.twimg.com/media/DJspg7HV4AAac3m.jpg','2017-10-08 12:32:14','2017-10-08 12:32:14'),(168,143,'https://pbs.twimg.com/media/DJiO0lqU8AABLQ7.jpg','2017-10-08 12:32:15','2017-10-08 12:32:15'),(169,144,'https://pbs.twimg.com/media/DMGVFtZUMAEWacS.jpg','2017-10-15 15:16:10','2017-10-15 15:16:10'),(170,144,'https://pbs.twimg.com/media/DMJqf4YV4AAMCii.jpg','2017-10-15 15:16:10','2017-10-15 15:16:10'),(171,144,'https://pbs.twimg.com/media/DMHNJALVwAIo-Nk.jpg','2017-10-15 15:16:10','2017-10-15 15:16:10'),(172,144,'https://pbs.twimg.com/media/DMHNJALVwAANYTl.jpg','2017-10-15 15:16:10','2017-10-15 15:16:10'),(173,145,'https://pbs.twimg.com/media/DMF0PusV4AIvFL_.jpg','2017-10-15 15:16:10','2017-10-15 15:16:10'),(174,145,'https://pbs.twimg.com/media/DMJ555MUMAAUU6t.jpg','2017-10-15 15:16:10','2017-10-15 15:16:10'),(175,146,'https://pbs.twimg.com/media/DLyZQTOVYAEViNf.jpg','2017-10-15 15:16:11','2017-10-15 15:16:11'),(176,147,'https://pbs.twimg.com/media/DLyYVyDUEAAPImz.jpg','2017-10-15 15:16:11','2017-10-15 15:16:11'),(177,148,'https://pbs.twimg.com/media/DLv93PwUEAUjmpw.jpg','2017-10-15 15:16:12','2017-10-15 15:16:12'),(178,149,'https://pbs.twimg.com/media/DLndLxjVwAAROCP.jpg','2017-10-15 15:16:12','2017-10-15 15:16:12'),(179,150,'https://pbs.twimg.com/media/DNhZMXeUQAAAAO0.jpg','2017-11-01 14:14:56','2017-11-01 14:14:56'),(180,152,'https://pbs.twimg.com/media/DM6XdULUEAAjw3e.jpg','2017-11-01 14:14:57','2017-11-01 14:14:57'),(181,154,'https://pbs.twimg.com/media/DMvACgzUMAAVSH4.jpg','2017-11-01 14:14:59','2017-11-01 14:14:59'),(182,155,'https://pbs.twimg.com/media/DMpme1IVwAA-F51.jpg','2017-11-01 14:14:59','2017-11-01 14:14:59'),(183,157,'https://pbs.twimg.com/media/DMOvYduUEAAuapd.jpg','2017-11-01 14:15:00','2017-11-01 14:15:00'),(184,158,'https://pbs.twimg.com/media/DPxXhKMXkAEL-Rt.jpg','2017-11-30 12:40:28','2017-11-30 12:40:28'),(185,159,'https://pbs.twimg.com/media/DPrn4nDVQAAJHeZ.jpg','2017-11-30 12:40:29','2017-11-30 12:40:29'),(186,160,'https://pbs.twimg.com/media/DPhrrzMUQAAnAzs.jpg','2017-11-30 12:40:29','2017-11-30 12:40:29'),(187,161,'https://pbs.twimg.com/media/DPE6svBUEAAV4pW.jpg','2017-11-30 12:40:30','2017-11-30 12:40:30'),(188,162,'https://pbs.twimg.com/media/DPC5N9aVwAAQIKL.jpg','2017-11-30 12:40:30','2017-11-30 12:40:30'),(189,162,'https://pbs.twimg.com/media/DPC5N9DVAAEppLc.jpg','2017-11-30 12:40:30','2017-11-30 12:40:30'),(190,162,'https://pbs.twimg.com/media/DPC5N9UVoAAteTC.jpg','2017-11-30 12:40:30','2017-11-30 12:40:30'),(191,162,'https://pbs.twimg.com/media/DPC5N9cVoAAt5k9.jpg','2017-11-30 12:40:30','2017-11-30 12:40:30'),(192,163,'https://pbs.twimg.com/media/DO6_2ZdUIAIszN7.jpg','2017-11-30 12:40:31','2017-11-30 12:40:31'),(193,164,'https://pbs.twimg.com/media/DO5lrvuUQAATJ7c.jpg','2017-11-30 12:40:31','2017-11-30 12:40:31'),(194,165,'https://pbs.twimg.com/media/DOmZdVQXUAA6Mn8.jpg','2017-11-30 12:40:32','2017-11-30 12:40:32'),(195,166,'https://pbs.twimg.com/media/DOcMJvrUIAUISRY.jpg','2017-11-30 12:40:33','2017-11-30 12:40:33'),(196,167,'https://pbs.twimg.com/media/DOaTl8fUIAAhJRP.jpg','2017-11-30 12:40:33','2017-11-30 12:40:33'),(197,168,'https://pbs.twimg.com/media/DOVDaF1V4AE5yl1.jpg','2017-11-30 12:40:34','2017-11-30 12:40:34'),(198,169,'https://pbs.twimg.com/media/DN_EeouUIAAkR0Q.jpg','2017-11-30 12:40:34','2017-11-30 12:40:34'),(199,78,'https://pbs.twimg.com/media/C_oDfTDUwAAAS4q.jpg','2017-11-30 12:40:41','2017-11-30 12:40:41'),(200,171,'https://pbs.twimg.com/media/DQXnJyZVQAAeBqD.jpg','2017-12-09 16:47:29','2017-12-09 16:47:29'),(201,171,'https://pbs.twimg.com/media/DQXnJybUQAAYmwm.jpg','2017-12-09 16:47:29','2017-12-09 16:47:29'),(202,173,'https://pbs.twimg.com/media/DP5B3LMVQAMsqZu.jpg','2017-12-09 16:47:30','2017-12-09 16:47:30'),(203,174,'https://pbs.twimg.com/media/DP7mLfSV4AAlBV1.jpg','2017-12-09 16:47:31','2017-12-09 16:47:31'),(204,174,'https://pbs.twimg.com/media/DP7mNC6VwAAEnsZ.jpg','2017-12-09 16:47:31','2017-12-09 16:47:31'),(205,174,'https://pbs.twimg.com/media/DP7mQeRUIAAZd8n.jpg','2017-12-09 16:47:31','2017-12-09 16:47:31'),(206,174,'https://pbs.twimg.com/media/DP7mSTJVoAAt9hp.jpg','2017-12-09 16:47:31','2017-12-09 16:47:31'),(207,174,'https://pbs.twimg.com/media/DP77hH0UQAAokeE.jpg','2017-12-09 16:47:31','2017-12-09 16:47:31'),(208,175,'https://pbs.twimg.com/media/DR01bgwU8AAfaCa.jpg','2017-12-24 17:13:09','2017-12-24 17:13:09'),(209,175,'https://pbs.twimg.com/media/DR01bgvUIAAU5f3.jpg','2017-12-24 17:13:09','2017-12-24 17:13:09'),(210,175,'https://pbs.twimg.com/media/DR01bgxUEAACaY6.jpg','2017-12-24 17:13:09','2017-12-24 17:13:09'),(211,175,'https://pbs.twimg.com/media/DR01bg3UQAUhS-U.jpg','2017-12-24 17:13:09','2017-12-24 17:13:09'),(212,176,'https://pbs.twimg.com/media/DRt3x0OUQAAEhAJ.jpg','2017-12-24 17:13:10','2017-12-24 17:13:10'),(213,178,'https://pbs.twimg.com/media/DRK71WxVwAAX31E.jpg','2017-12-24 17:13:11','2017-12-24 17:13:11'),(214,179,'https://pbs.twimg.com/media/DREC2DcV4AAle8O.jpg','2017-12-24 17:13:12','2017-12-24 17:13:12'),(215,180,'https://pbs.twimg.com/media/DQ42htoUQAEBxvs.jpg','2017-12-24 17:13:12','2017-12-24 17:13:12'),(216,180,'https://pbs.twimg.com/media/DQ42htpVoAEdz_X.jpg','2017-12-24 17:13:12','2017-12-24 17:13:12'),(217,180,'https://pbs.twimg.com/media/DQ46JEmUEAAyr-W.jpg','2017-12-24 17:13:12','2017-12-24 17:13:12'),(218,181,'https://pbs.twimg.com/media/DQrcXsgVAAAVzXp.jpg','2017-12-24 17:13:13','2017-12-24 17:13:13'),(219,182,'https://pbs.twimg.com/media/DQrSU2ZUIAAVfOX.jpg','2017-12-24 17:13:14','2017-12-24 17:13:14'),(220,183,'https://pbs.twimg.com/media/DQnOZgeVoAA_Zg-.jpg','2017-12-24 17:13:14','2017-12-24 17:13:14'),(221,184,'https://pbs.twimg.com/media/DS2ejWfVwAAKZ8s.jpg','2018-01-06 16:50:05','2018-01-06 16:50:05'),(222,184,'https://pbs.twimg.com/media/DS2ejWjVoAA-N1d.jpg','2018-01-06 16:50:05','2018-01-06 16:50:05'),(223,184,'https://pbs.twimg.com/media/DS2ejWjVoAEbz9a.jpg','2018-01-06 16:50:05','2018-01-06 16:50:05'),(224,185,'https://pbs.twimg.com/media/DSnJpwYVQAAa4VO.jpg','2018-01-06 16:50:05','2018-01-06 16:50:05'),(225,186,'https://pbs.twimg.com/media/DSnPcFDUMAIVCMF.jpg','2018-01-06 16:50:06','2018-01-06 16:50:06'),(226,187,'https://pbs.twimg.com/media/DSc88WHUEAIAsGE.jpg','2018-01-06 16:50:07','2018-01-06 16:50:07'),(227,188,'https://pbs.twimg.com/media/DSc1bgmVwAElcXF.jpg','2018-01-06 16:50:07','2018-01-06 16:50:07'),(228,188,'https://pbs.twimg.com/media/DSc1bglVQAA_U_E.jpg','2018-01-06 16:50:07','2018-01-06 16:50:07'),(229,189,'https://pbs.twimg.com/media/DSDYgUvUIAA9Q1n.jpg','2018-01-06 16:50:08','2018-01-06 16:50:08'),(230,190,'https://pbs.twimg.com/media/DR-nxN9VoAE5Mbc.jpg','2018-01-06 16:50:09','2018-01-06 16:50:09'),(231,191,'https://pbs.twimg.com/media/DSA9n0SU8AAb8AD.jpg','2018-01-06 16:50:09','2018-01-06 16:50:09'),(232,192,'https://pbs.twimg.com/media/DVjO6IDU0AALB-J.jpg','2018-02-10 11:50:37','2018-02-10 11:50:37'),(233,192,'https://pbs.twimg.com/media/DVjO6ciUQAAE5AS.jpg','2018-02-10 11:50:37','2018-02-10 11:50:37'),(234,192,'https://pbs.twimg.com/media/DVjkLMRUMAIdOyO.jpg','2018-02-10 11:50:37','2018-02-10 11:50:37'),(235,192,'https://pbs.twimg.com/media/DVjkLMUVQAAh6OF.jpg','2018-02-10 11:50:37','2018-02-10 11:50:37'),(236,196,'https://pbs.twimg.com/media/DTyUMeWUMAEpzqN.jpg','2018-02-10 11:50:39','2018-02-10 11:50:39'),(237,196,'https://pbs.twimg.com/media/DTyUMeVUMAELn6t.jpg','2018-02-10 11:50:39','2018-02-10 11:50:39'),(238,196,'https://pbs.twimg.com/media/DTyvkmFVQAAfrOC.jpg','2018-02-10 11:50:39','2018-02-10 11:50:39'),(239,197,'https://pbs.twimg.com/media/DTjmQJLVQAAuBi7.jpg','2018-02-10 11:50:39','2018-02-10 11:50:39'),(240,197,'https://pbs.twimg.com/media/DTjmQJOVAAEhTXZ.jpg','2018-02-10 11:50:39','2018-02-10 11:50:39'),(241,198,'https://pbs.twimg.com/media/DTLt5EiUQAAXp1I.jpg','2018-02-10 11:50:40','2018-02-10 11:50:40'),(242,200,'https://pbs.twimg.com/media/DVuqk8lV4AA79-O.jpg','2018-02-17 07:58:20','2018-02-17 07:58:20'),(243,200,'https://pbs.twimg.com/media/DVuqmk5VwAAxv6m.jpg','2018-02-17 07:58:20','2018-02-17 07:58:20'),(244,202,'https://pbs.twimg.com/media/DYfsogGUQAAyTs-.jpg','2018-03-21 01:53:15','2018-03-21 01:53:15'),(245,204,'https://pbs.twimg.com/media/DYVPHizU0AAjPaq.jpg','2018-03-21 01:53:16','2018-03-21 01:53:16'),(246,205,'https://pbs.twimg.com/media/DYA8IV3VQAEfzsr.jpg','2018-03-21 01:53:17','2018-03-21 01:53:17'),(247,206,'https://pbs.twimg.com/media/DXxAMzYVMAgejWz.jpg','2018-03-21 01:53:17','2018-03-21 01:53:17'),(248,206,'https://pbs.twimg.com/media/DXxAMzgVMAAcSLU.jpg','2018-03-21 01:53:17','2018-03-21 01:53:17'),(249,207,'https://pbs.twimg.com/media/DXbDArgVoAEVeH4.jpg','2018-03-21 01:53:18','2018-03-21 01:53:18'),(250,208,'https://pbs.twimg.com/media/DWzHFFJVQAA1TE4.jpg','2018-03-21 01:53:18','2018-03-21 01:53:18'),(251,208,'https://pbs.twimg.com/media/DWzHFFPUQAAWEnA.jpg','2018-03-21 01:53:18','2018-03-21 01:53:18'),(252,208,'https://pbs.twimg.com/media/DWzI2vNVQAAiejh.jpg','2018-03-21 01:53:18','2018-03-21 01:53:18'),(253,208,'https://pbs.twimg.com/media/DWzI2vOUQAEFQFE.jpg','2018-03-21 01:53:18','2018-03-21 01:53:18'),(254,209,'https://pbs.twimg.com/media/DWZNF8XU0AArBI4.jpg','2018-03-21 01:53:19','2018-03-21 01:53:19'),(255,209,'https://pbs.twimg.com/media/DWZNJTXU0AASEKc.jpg','2018-03-21 01:53:19','2018-03-21 01:53:19');
/*!40000 ALTER TABLE `pictures` ENABLE KEYS */;
UNLOCK TABLES;

--
-- Table structure for table `schema_migrations`
--

DROP TABLE IF EXISTS `schema_migrations`;
/*!40101 SET @saved_cs_client     = @@character_set_client */;
/*!40101 SET character_set_client = utf8 */;
CREATE TABLE `schema_migrations` (
  `version` varchar(255) NOT NULL,
  PRIMARY KEY (`version`)
) ENGINE=InnoDB DEFAULT CHARSET=utf8;
/*!40101 SET character_set_client = @saved_cs_client */;

--
-- Dumping data for table `schema_migrations`
--

LOCK TABLES `schema_migrations` WRITE;
/*!40000 ALTER TABLE `schema_migrations` DISABLE KEYS */;
INSERT INTO `schema_migrations` VALUES ('20170708124709'),('20170708124933'),('20170708125026'),('20170708125157'),('20170716100809'),('20170722081220'),('20170817145019'),('20170817153545'),('20180212092917');
/*!40000 ALTER TABLE `schema_migrations` ENABLE KEYS */;
UNLOCK TABLES;

--
-- Table structure for table `tweets`
--

DROP TABLE IF EXISTS `tweets`;
/*!40101 SET @saved_cs_client     = @@character_set_client */;
/*!40101 SET character_set_client = utf8 */;
CREATE TABLE `tweets` (
  `id` bigint(20) NOT NULL AUTO_INCREMENT,
  `origin_id` varchar(255) DEFAULT NULL,
  `text` text,
  `like_count` int(11) DEFAULT NULL,
  `retweet_count` int(11) DEFAULT NULL,
  `datetime` datetime DEFAULT NULL,
  `created_at` datetime NOT NULL,
  `updated_at` datetime NOT NULL,
  PRIMARY KEY (`id`)
) ENGINE=InnoDB AUTO_INCREMENT=210 DEFAULT CHARSET=utf8;
/*!40101 SET character_set_client = @saved_cs_client */;

--
-- Dumping data for table `tweets`
--

LOCK TABLES `tweets` WRITE;
/*!40000 ALTER TABLE `tweets` DISABLE KEYS */;
INSERT INTO `tweets` VALUES (1,'901823718938120192','生後３週間のベビー７匹の命名と体重測定とオスメス判別終わりました。覚えられないわ。#デグー ',101,20,'2017-08-27 15:08:24','2017-08-27 15:16:21','2018-03-21 01:53:26'),(2,'901814940238880768','生後3週間 命名 ムタ撮るの忘れてた。これで7匹全部。#デグー ',101,15,'2017-08-27 14:33:31','2017-08-27 15:16:22','2018-01-06 16:50:14'),(3,'901798825722970112','生後3週間 命名 ナトル覚えられません#デグー ',111,20,'2017-08-27 13:29:29','2017-08-27 15:16:22','2018-03-21 01:53:26'),(4,'901797900581093376','生後3週間 命名 トトオスメスの判断が怪しい#デグー ',93,16,'2017-08-27 13:25:48','2017-08-27 15:16:23','2018-03-21 01:53:26'),(5,'901796889217032192','生後3週間 命名 ハル区別難しいぞこれ#デグー ',108,21,'2017-08-27 13:21:47','2017-08-27 15:16:23','2018-03-21 01:53:26'),(6,'901796051199246336','生後3週間 命名 ユキさっきのとちょっと似てる#デグー ',113,19,'2017-08-27 13:18:27','2017-08-27 15:16:24','2018-03-21 01:53:26'),(7,'901795701339824129','生後3週間 命名 バロン#デグー ',130,22,'2017-08-27 13:17:04','2017-08-27 15:16:24','2018-03-21 01:53:26'),(8,'901795047636574208','生後3週間 命名 ルーン#デグー ',81,16,'2017-08-27 13:14:28','2017-08-27 15:16:25','2017-09-04 14:04:22'),(9,'898847005732200449','頭に色々付いてますよ#デグー ',194,35,'2017-08-19 10:00:00','2017-08-27 15:16:26','2018-03-21 01:53:26'),(10,'898122236686725120','ハンモックはみんなで使おう#デグー ',185,42,'2017-08-17 10:00:02','2017-08-27 15:16:26','2018-03-21 01:53:26'),(11,'897759850855366656','あーお客様困ります！これから掃除するのに全員熟睡は困ります！お客様！#デグー ',284,71,'2017-08-16 10:00:02','2017-08-27 15:16:27','2018-03-21 01:53:26'),(12,'897654147725406208','生後8日目。毛も生え揃えてきました。両親と全く似てないんだけど。#デグー ',130,16,'2017-08-16 03:00:01','2017-08-27 15:16:27','2018-03-21 01:53:26'),(13,'897393073893670912','ﾜﾁｬﾜﾁｬﾜﾁｬﾜﾁｬﾜﾁｬﾜﾁｬﾜﾁｬ･･･#デグー ',99,23,'2017-08-15 09:42:36','2017-08-27 15:16:28','2018-03-21 01:53:26'),(14,'897334040822390788','完全に異能解放してる目ですよこいつは#デグー ',22,1,'2017-08-15 05:48:01','2017-08-27 15:16:28','2017-08-27 15:16:28'),(15,'897291757523574784','ベビーを除けば一番若手で、お鼻のラインがトレードマーク。#デグー ',88,8,'2017-08-15 03:00:00','2017-08-27 15:16:29','2017-11-30 12:40:39'),(16,'897035076344705024','生後7日目。個々の鳴き声が大きくなってきた。毛の生え方に個性が出て識別できるようになった。ベビー同士で交流するようになった。体重は一匹あたりおよそ17グラム。#デグー ',128,18,'2017-08-14 10:00:02','2017-08-27 15:16:29','2018-03-21 01:53:27'),(17,'896944471480213504','比較的キレイな接写取れた。#デグー ',115,14,'2017-08-14 04:00:01','2017-08-27 15:16:30','2018-03-21 01:53:27'),(18,'896310294892339200','デグーの貴重な授乳シーンです。おおさめくださいませ。てか乳首どこにあるんだよ#デグー ',394,99,'2017-08-12 10:00:01','2017-08-27 15:16:31','2018-03-21 01:53:27'),(19,'896204597038948352','やっと部屋の掃除ができました。デグー13匹4ケージの構成で再出発。#デグー ',78,5,'2017-08-12 03:00:01','2017-08-27 15:16:32','2017-11-30 12:40:39'),(20,'895842207093202946','我が家歴最大サイズのケージ飼いました(左)これまで使ってきた右と比べて格段に広く使いやすい良質のケージです。成長後のベビーと若手デグーの相性見つつ、一番多い集団に割り当てる予定です。理想は3ケージで人数比7:3:3ぐらいになってくれればいいなぁ。。#デグー ',41,2,'2017-08-11 03:00:00','2017-08-27 15:16:32','2017-11-30 12:40:39'),(21,'895817795753000961','ﾐﾂｹﾀ....#デグー ',80,11,'2017-08-11 01:23:00','2017-08-27 15:16:33','2017-11-30 12:40:39'),(22,'895705698717257732','デグー同士の仲が良いのが一番いい#デグー ',97,17,'2017-08-10 17:57:34','2017-08-27 15:16:33','2017-11-30 12:40:39'),(23,'895575196459053056','生後三日目、目も開くようになりちょいちょい家から出歩くようになりました。#デグー ',139,17,'2017-08-10 09:19:00','2017-08-27 15:16:34','2017-11-30 12:40:39'),(24,'895483594713554944','「「「メシか？」」」#デグー ',144,14,'2017-08-10 03:15:00','2017-08-27 15:16:34','2017-11-30 12:40:39'),(25,'895220734892531712','職場でカメラ越しにも確認できるぐらいにはワチャワチャ動き出して来た#デグー ',56,6,'2017-08-09 09:50:30','2017-08-27 15:16:35','2017-11-30 12:40:39'),(26,'895148986176352256','髪型決まってんね！#デグー ',76,9,'2017-08-09 05:05:24','2017-08-27 15:16:36','2017-11-30 12:40:39'),(27,'894892407333900293','お届けものです#デグー ',133,21,'2017-08-08 12:05:50','2017-08-27 15:16:36','2018-02-10 11:50:45'),(28,'894762594963255296','母子が並ぶとベビーがどれだけ小さいかわかる。#デグー ',139,22,'2017-08-08 03:30:01','2017-08-27 15:16:37','2018-02-10 11:50:45'),(29,'894563138481160192','ベビーばかりに構っててやや不満げな若手#デグー ',90,14,'2017-08-07 14:17:27','2017-08-27 15:16:37','2017-11-30 12:40:39'),(30,'894551274711957505','訂正します。6匹生まれましたと言いましたが7匹でした。ただ撮影しようとすると母デグがブロックしてくるのでそっとしときます。#デグー ',74,5,'2017-08-07 13:30:18','2017-08-27 15:16:38','2017-11-30 12:40:39'),(31,'894536803755020288','沢山のリプライありがとうございます！個別にお返事できなく申し訳ありません。。今は母デグがお家に全員連れ帰って、床材などをお家にガンガン詰めてるんですがこれは見守ってるだけで大丈夫でしょうか？完全にベビーたちが見えなくなったので不安です。#デグー ',59,2,'2017-08-07 12:32:48','2017-08-27 15:16:39','2018-02-10 11:50:45'),(32,'894500697240084480','生まれました！多分六匹です！#デグー ',270,48,'2017-08-07 10:09:19','2017-08-27 15:16:39','2018-03-21 01:53:27'),(33,'894136383194845184','(●´_ゝ｀)ノ)Д`)ﾍﾟｼｮ#デグー ',171,41,'2017-08-06 10:01:40','2017-08-27 15:16:40','2018-03-21 01:53:27'),(34,'893048806215827456','319...まだ増えるだと...!?一体いつになったら産まれるんだ...!?#デグー#メイ ',58,9,'2017-08-03 10:00:02','2017-08-27 15:16:40','2017-11-30 12:40:39'),(35,'892682501537144833','やられました。一時的な住居とは言え、まさかそこを食い破って脱走するとは思わなかったよ。#デグー ',74,23,'2017-08-02 09:44:28','2017-08-27 15:16:41','2017-12-09 16:47:36'),(36,'891941893931532288','iPhoneだと接写難しいなぁ。何か良いカメラアプリとかコツありますか？#デグー#ハク ',62,10,'2017-07-31 08:41:33','2017-08-27 15:16:41','2018-01-06 16:50:14'),(37,'891499250500096000','部屋の1/3ぐらいがデグーエリアになって飼い主用スペースが2/3になった。だんだん割合が狭まってきて、最終的に飼い主の居場所が無くなりそう。#デグー ',58,6,'2017-07-30 03:22:39','2017-08-27 15:16:42','2017-08-27 15:16:42'),(38,'891158215194419203','またまとめ買い。多分デグー飼いの殆どが使ってる事実上標準の上り木ですが、Amazonでまとめ買いすると一個あたり定価の半額ぐらいで買えます。#デグー ',65,11,'2017-07-29 04:47:30','2017-08-27 15:16:42','2017-11-30 12:40:39'),(39,'890177600642965504','デグーの雄同士は上下関係を確定するためにマウントを取ろうと互いのお尻を常に狙い合ってます。#デグー ',313,137,'2017-07-26 11:50:53','2017-08-27 15:16:43','2018-03-21 01:53:27'),(40,'889460567584391168','もうパンパンの豊満ボディで明日生まれてもおかしく無いな。勤務中は勘弁してほしいなぁ。。#デグー#メイ ',104,12,'2017-07-24 12:21:39','2017-08-27 15:16:43','2018-02-10 11:50:46'),(41,'889450379951222784','はい悲惨#デグー ',41,0,'2017-07-24 11:41:10','2017-08-27 15:16:44','2017-10-08 12:32:18'),(42,'889337269651292160','いつ出産してもおかしくない程度にまん丸になってきたので、職場からの監視体制もバッチリに。なお映ってる方はただのデブ♂で肝心のメスが映ってない模様。#デグー#パズー ',57,2,'2017-07-24 04:11:42','2017-08-27 15:16:45','2017-11-30 12:40:40'),(43,'888984759136681985','こんな感じにケージに固定してカジカジさせる奴です。個体によってはオヤツより夢中で齧るので最短で1時間程度で跡形もなくなくなります。#デグー#ジジ ',66,12,'2017-07-23 04:50:57','2017-08-27 15:16:45','2018-02-10 11:50:46'),(44,'888707443236253696','そういう年頃なのか、喧嘩が増えてきたので一旦分離して４ケージ構成に。仲良くしてくれないとベビーが生まれた時ケージ足りないし成長しても狭いケージのままだゾ‥‥。あとハンモックも足りない。何かデグー同士がより仲良くしてくれるコツとかありませんか？？#デグー ',47,10,'2017-07-22 10:29:00','2017-08-27 15:16:46','2018-01-06 16:50:15'),(45,'888589918410289154','今日もアホ面で寝てる#デグー#ハク ',138,29,'2017-07-22 02:42:00','2017-08-27 15:16:46','2018-03-21 01:53:28'),(46,'887989626106912768','半年ぶりに溜まった写真を現像しました。気持ち明るめにしつつズームの設定にしたら全体的に盛りすぎた感がある#デグー ',98,9,'2017-07-20 10:56:39','2017-08-27 15:16:47','2017-08-27 15:16:47'),(47,'887617301867970562','おねだり#デグー#ジジ ',91,15,'2017-07-19 10:17:10','2017-08-27 15:16:48','2018-03-21 01:53:28'),(48,'887512318250147840','最強のふたり感あるな。#デグー#ハク #チヒロ ',135,15,'2017-07-19 03:20:00','2017-08-27 15:16:48','2018-03-21 01:53:28'),(49,'887250602392211456','うなぎねずみ#デグー#メイ ',81,16,'2017-07-18 10:00:02','2017-08-27 15:16:48','2017-12-24 17:13:21'),(50,'886888217756258308','床材大量に敷いたのに全部おうちに持ち帰ろうとするやつ#デグー#パズー ',67,6,'2017-07-17 10:00:03','2017-08-27 15:16:49','2017-11-30 12:40:40'),(51,'886808091940892672','死んだように眠った(※ピンピンしてます)#デグー#ハク ',176,22,'2017-07-17 04:41:39','2017-08-27 15:16:49','2018-02-10 11:50:46'),(52,'886525818805002240','欠伸0.5秒前#デグー#ハク ',117,17,'2017-07-16 10:00:00','2017-08-27 15:16:50','2018-03-21 01:53:28'),(53,'886174552887132161','緩募 この二匹の顔の区別の仕方。但し毛の模様は日々変わるものとする。#デグー ',93,21,'2017-07-15 10:44:12','2017-08-27 15:16:51','2018-02-10 11:50:46'),(54,'885803661741367296','ケージ越しに全員集合して井戸端会議。まぁ相性悪い組み合わせも少なからずあるから長時間は出来ないけど#デグー ',58,10,'2017-07-14 10:10:25','2017-08-27 15:16:52','2018-02-17 07:58:29'),(55,'885076172832460803','双子かな？？#デグー ',162,34,'2017-07-12 09:59:38','2017-08-27 15:16:53','2018-02-17 07:58:29'),(56,'884343976974733312','物音にビビると壁にへばりつく奴#デグー ',181,45,'2017-07-10 09:30:09','2017-08-27 15:16:53','2018-03-21 01:53:28'),(57,'883957770713575424','争いは、同じレベルの者同士でしか発生しない!!#デグー ',205,65,'2017-07-09 07:55:30','2017-08-27 15:16:54','2018-03-21 01:53:28'),(58,'883604607422709760','全然寝顔を見せてくれない子を深夜にネットワークカメラで盗撮したらちゃんと寝てた#デグー ',86,15,'2017-07-08 08:32:09','2017-08-27 15:16:54','2018-03-21 01:53:28'),(59,'882894762163884033','手乗りデグ#デグー ',113,25,'2017-07-06 09:31:29','2017-08-27 15:16:55','2018-03-21 01:53:28'),(60,'881824744990883840','すごい姿勢でリラックスしてる....#デグー ',155,34,'2017-07-03 10:39:37','2017-08-27 15:16:55','2018-03-21 01:53:28'),(61,'880730900786327553','プレミアムフライデーと聞いて#デグー ',118,28,'2017-06-30 10:13:04','2017-08-27 15:16:56','2018-03-21 01:53:28'),(62,'878929877818265600','木を金網に引っ掛けて固定してかじる賢い奴#デグー ',43,8,'2017-06-25 10:56:27','2017-08-27 15:16:56','2018-01-06 16:50:15'),(63,'878532892472754176','なんか、テブーだな最近#デグー ',116,22,'2017-06-24 08:38:58','2017-08-27 15:16:57','2018-03-21 01:53:28'),(64,'876389295350628352','何か逃走したデグーを優しく簡単に捕まえる道具とか無いでしょうか？ケージ掃除の際に脱走癖強めの子に手を焼いています。#デグー',13,6,'2017-06-18 10:41:05','2017-08-27 15:16:58','2017-11-30 12:40:40'),(65,'874250310738296832','長らくデグーのケージの床が金網のままで使ってだんですが、やはり金網だと事故の元になってしまうんでしょうか？また、金網を外した場合に床に設置する床材のオススメはなんでしょうか？ご教示お願いします。#デグー ',26,8,'2017-06-12 13:01:31','2017-08-27 15:16:58','2017-12-09 16:47:37'),(66,'872408571165540353','#2017自分が選ぶ今年上半期の4枚 #デグー ',94,33,'2017-06-07 11:03:06','2017-08-27 15:16:59','2018-03-21 01:53:28'),(67,'870885759997403136','食事中に撫でるのはNGらしい#デグー ',67,24,'2017-06-03 06:12:00','2017-08-27 15:16:59','2017-11-30 12:40:40'),(68,'869875735795716096','あぁ＾～#デグー ',46,5,'2017-05-31 11:18:31','2017-08-27 15:17:00','2018-02-10 11:50:46'),(69,'869527029997223937','宣材写真風#デグー ',54,9,'2017-05-30 12:12:53','2017-08-27 15:17:00','2018-02-10 11:50:46'),(70,'869155385428525056','ハンモックからニュルニュルっと生えてくるやつ#デグー ',81,14,'2017-05-29 11:36:06','2017-08-27 15:17:01','2017-12-24 17:13:22'),(71,'868058612211503104','ネットワークカメラいい感じです。職場からこんな感じにデグーを確認できます。#デグー ',46,8,'2017-05-26 10:57:55','2017-08-27 15:17:01','2018-02-10 11:50:46'),(72,'867717402582106113','#アイコンとその中の人を貼るとフォロワーがブワァアアって増えるらしい #デグー ',75,20,'2017-05-25 12:22:04','2017-08-27 15:17:02','2017-12-09 16:47:38'),(73,'867333254755397632','暗視機能付きのネットワークカメラを購入したので、ケージの前に設置して寝顔捉えたろ！と思ったらUMAが写った。#デグー ',45,8,'2017-05-24 10:55:36','2017-08-27 15:17:03','2018-03-21 01:53:28'),(74,'866266316688076801','エサの時間になるとアピールが凄いやつ#デグー ',59,7,'2017-05-21 12:15:59','2017-08-27 15:17:03','2017-11-30 12:40:40'),(75,'865887546928095232','光の当て方でデグーも盛れる#デグー ',79,12,'2017-05-20 11:10:53','2017-08-27 15:17:04','2017-12-09 16:47:38'),(76,'865519514900865024','給水器のないホームセンターで1年過ごしてたデグー達も、お迎え2週間ほどで無事に覚えてくれました。#デグー ',86,9,'2017-05-19 10:48:27','2017-08-27 15:17:04','2018-02-10 11:50:46'),(77,'864085883225481217','体重測定のお時間です#デグー ',51,19,'2017-05-15 11:51:43','2017-08-27 15:17:05','2018-03-21 01:53:28'),(78,'862998328933404672','デグーってこんな動物です#デグー #小動物 ',520,207,'2017-05-12 11:50:10','2017-08-27 15:17:05','2018-03-21 01:53:28'),(79,'862614862639251456','リア充デグーです。お納めください。#デグー ',92,23,'2017-05-11 10:26:24','2017-08-27 15:17:06','2018-03-21 01:53:29'),(80,'861933952520429570','こいつら毎日この姿勢で寝てるけど腰とか悪くしないんかな。#デグー ',78,12,'2017-05-09 13:20:42','2017-08-27 15:17:06','2017-11-30 12:40:41'),(81,'861898817087713280','箱買い。デグー買ってる人みんなコレ使ってる説#デグー ',54,2,'2017-05-09 11:01:05','2017-08-27 15:17:07','2017-11-30 12:40:41'),(82,'861212686935179264','先日ホームセンターからお迎えしたデグー、オスとして販売されましたが今更メスだと判明しました。えぇ・・・。#デグー ',28,3,'2017-05-07 13:34:39','2017-08-27 15:17:08','2017-11-30 12:40:41'),(83,'860794089893109761','違う、それはそうやって遊ぶものじゃない#デグー ',35,3,'2017-05-06 09:51:18','2017-08-27 15:17:08','2017-11-30 12:40:41'),(84,'860068367561916416','齧り木が足場にしか使われない#デグー#デグーあるある ',23,2,'2017-05-04 09:47:32','2017-08-27 15:17:09','2017-11-30 12:40:41'),(85,'859709040011526144','新たに二匹お迎えしました。共に生後一年ぐらいなので売り物としては投げ売りされてるレベルでちょっと同情もありましたが大切にします。#デグー ',28,3,'2017-05-03 09:59:42','2017-08-27 15:17:09','2017-11-30 12:40:41'),(86,'859682093781073921','ホームセンターに生後一年のデグーがあんま良くない環境で飼育されてて引き取りたくなってくる。#デグー ',14,3,'2017-05-03 08:12:37','2017-08-27 15:17:10','2017-12-09 16:47:38'),(87,'857591680014270464','ご飯は座って食べる礼儀正しいネズミ#デグー ',46,7,'2017-04-27 13:46:04','2017-08-27 15:17:11','2018-02-17 07:58:29'),(88,'849857706190028800','ムーミンデグ#デグー ',31,2,'2017-04-06 05:34:01','2017-08-27 15:17:11','2017-12-09 16:47:38'),(89,'842338281748496386','ｻﾝﾎﾟﾀﾞｻﾝﾎﾟｻｾﾛｺﾗｱｱｱｱｱｱｱｱｱ!!!#デグー ',23,3,'2017-03-16 11:34:30','2017-08-27 15:17:12','2017-11-30 12:40:41'),(90,'839466602613485568','お行儀が悪い#デグー ',22,0,'2017-03-08 13:23:29','2017-08-27 15:17:12','2017-11-30 12:40:42'),(91,'835351407528071168','二頭身に見える#デグー ',31,4,'2017-02-25 04:51:10','2017-08-27 15:17:13','2018-03-21 01:53:29'),(92,'832884367387078659','下がオスで上がメスなんだよなぁ。。尻に敷かれている（物理#デグー ',41,5,'2017-02-18 09:28:02','2017-08-27 15:17:13','2017-11-30 12:40:42'),(93,'831522088829595648','バレンタイン...??#デグー ',18,1,'2017-02-14 15:14:49','2017-08-27 15:17:13','2018-03-21 01:53:29'),(94,'831119129692090368','最強のふたり#デグー ',33,2,'2017-02-13 12:33:36','2017-08-27 15:17:14','2017-11-30 12:40:42'),(95,'830378711257997312','艶めかしかったころ#デグー ',49,1,'2017-02-11 11:31:27','2017-08-27 15:17:14','2017-08-27 15:17:14'),(96,'829559317070245889','( ˘ω˘)ｽﾔｧ#デグー ',69,7,'2017-02-09 05:15:28','2017-08-27 15:17:15','2018-03-21 01:53:29'),(97,'828846412137783298','なんか絵本で見たことある図#デグー ',27,0,'2017-02-07 06:02:38','2017-08-27 15:17:16','2017-11-30 12:40:42'),(98,'828215963791155200','融合生物みたいになった#デグー ',35,4,'2017-02-05 12:17:27','2017-08-27 15:17:16','2018-02-10 11:50:47'),(99,'828155824006537217','Amazonさんから物資の補給が届きました。デグー周りの商品ってある程度限られてくるから他の飼い主さんと結構被ってそう。#デグー ',6,0,'2017-02-05 08:18:29','2017-08-27 15:17:16','2017-11-30 12:40:42'),(100,'827142435109167104','仰向けでメシを食うおっさん#デグー ',33,3,'2017-02-02 13:11:38','2017-08-27 15:17:17','2017-08-27 15:17:17'),(101,'823856527568052225','「寒い」　「重い」#デグー ',13,2,'2017-01-24 11:34:37','2017-08-27 15:17:17','2017-11-30 12:40:42'),(102,'823503420543803392','お迎え当初の野生を保ったデグー→失われた野生#デグー ',14,3,'2017-01-23 12:11:30','2017-08-27 15:17:18','2017-08-27 15:17:18'),(103,'817724206456520705','現像した写真はアルバムに収納していつでもパラパラめくれるようにしました。デジタルもいいけどアナログもね！#デグー ',6,0,'2017-01-07 13:26:58','2017-08-27 15:17:18','2017-08-27 15:17:18'),(104,'816249585219706882','トンネルと一体化したデブー#デグー#デブー ',9,2,'2017-01-03 11:47:20','2017-08-27 15:17:20','2017-08-27 15:17:20'),(105,'815915521254170625','久しぶりにスマフォで撮ってる写真を現像してきました。L版フルカラー一枚30円で刷れるので皆さんも是非。#デグー ',6,0,'2017-01-02 13:39:53','2017-08-27 15:17:20','2017-08-27 15:17:20'),(106,'815181529219407872','眠いけど年越しまで頑張る#デグー#ネムー ',5,0,'2016-12-31 13:03:16','2017-08-27 15:17:21','2017-08-27 15:17:21'),(107,'814723988542738433','太ることを強いられているんだ！！#デグー#デブー ',8,1,'2016-12-30 06:45:10','2017-08-27 15:17:21','2017-08-27 15:17:21'),(108,'807501559177224192','ハンモックにチモシー積んだら飯食うのも寝るのも排泄するのもハンモックで済ませるようになってそこから一切動かないヒキニートみたいになった#デグー ',4,0,'2016-12-10 08:25:49','2017-08-27 15:17:22','2017-08-27 15:17:22'),(109,'802834195563220994','デグーのケージ周りはコジマが独占してる感が凄くて、誰のケージを見てもだいたい同じ物を使ってる気がする。#デグー ',1,0,'2016-11-27 11:19:22','2017-08-27 15:17:22','2017-08-27 15:17:22'),(110,'801749427350216705','ゆったりーぬ#デグー ',4,0,'2016-11-24 11:28:53','2017-08-27 15:17:23','2017-08-27 15:17:23'),(111,'800851619671732225','些細な地震でもキーキー騒ぐデグーが今朝の地震では物音ひとつ立てずに固まってて何の役にも立たなかったよ！（画像はイメージ）#デグー ',5,0,'2016-11-22 00:01:19','2017-08-27 15:17:23','2017-08-27 15:17:23'),(112,'799902939212959748','デグーってメスの方がイケメンな傾向ある気がする#デグー ',4,0,'2016-11-19 09:11:36','2017-08-27 15:17:24','2017-08-27 15:17:24'),(113,'794188098217226243','やりました！！！#デグー ',0,0,'2016-11-03 14:42:52','2017-08-27 15:17:24','2017-08-27 15:17:24'),(114,'789074600340525056','デグーあるある木なら何でも好き#デグー ',6,2,'2016-10-20 12:03:39','2017-08-27 15:17:25','2017-08-27 15:17:25'),(115,'787253922985455616','デグーあるある？何故か狭いところに詰まってこちらを見る#デグー ',6,1,'2016-10-15 11:28:56','2017-08-27 15:17:25','2017-08-27 15:17:25'),(116,'787252866394107904','リンゴの木を試しに買ってみたら2匹ともすごく気に入ってくれた。良い匂いのするものが好きらしい#デグー ',4,0,'2016-10-15 11:24:44','2017-08-27 15:17:25','2017-08-27 15:17:25'),(117,'782883645946105856','アイコンのひょうきん顔フルサイズ#デグー ',5,0,'2016-10-03 10:03:01','2017-08-27 15:17:26','2018-03-21 01:53:29'),(118,'778215515068076032','デグーあるある？ハマりだがる#デグー ',2,0,'2016-09-20 12:53:31','2017-08-27 15:17:26','2017-08-27 15:17:26'),(119,'777840070560616448','デグーあるある？隙あらば脱走#デグー ',6,2,'2016-09-19 12:01:39','2017-08-27 15:17:27','2017-08-27 15:17:27'),(120,'777456962120273920','デグーあるある？木製のお家はもれなくぶっ壊す#デグー ',4,0,'2016-09-18 10:39:18','2017-08-27 15:17:27','2017-08-27 15:17:27'),(121,'777108200415858688','デグーあるある？目を開けたまま眠るので起きてるのか寝てるのかよくわからない。#デグー ',5,2,'2016-09-17 11:33:27','2017-08-27 15:17:27','2017-08-27 15:17:27'),(122,'772754982974042112','来て...#デグー ',45,3,'2016-09-05 11:15:19','2017-08-27 15:17:28','2017-11-30 12:40:42'),(123,'904638271463989248','生後１ヶ月の7匹。ご飯もお水もママに頼らず自分で取れるようになり、そろそろママとのお別れが近づいてきています。#デグー ',161,34,'2017-09-04 09:32:25','2017-09-04 14:04:18','2018-03-21 01:53:26'),(124,'904146927700160512','爆睡してるけど寝顔は見せてくれない#デグー ',73,11,'2017-09-03 01:00:00','2017-09-04 14:04:19','2018-03-21 01:53:26'),(125,'903935537362472960','狭い#デグー ',103,11,'2017-09-02 11:00:01','2017-09-04 14:04:20','2018-03-21 01:53:26'),(126,'903847964090687488','ベビーよりは先輩だけどこの双子ちゃんも生後3ヶ月。まだまだ若い。#デグー ',96,9,'2017-09-02 05:12:01','2017-09-04 14:04:20','2018-03-21 01:53:26'),(127,'902686010642882561','ハンモックデビュー。この28グラムの体で壁をよじ登ってハンモックにたどり着いてた。#デグー ',112,18,'2017-08-30 00:14:50','2017-09-04 14:04:21','2017-10-08 12:32:16'),(128,'902124791024332801','昨日撮ったベビーたちの写真を早速現像して来ました。頑張って名前覚えるぞー。#デグー ',109,21,'2017-08-28 11:04:45','2017-09-04 14:04:21','2018-03-21 01:53:26'),(129,'906087993810739200','ベビーたちのオヤツの時間に襲来するジャイアント・ママ#デグー ',280,68,'2017-09-08 09:33:06','2017-09-09 13:36:50','2018-03-21 01:53:25'),(130,'905007600042885120','満席#デグー ',359,80,'2017-09-05 10:00:00','2017-09-09 13:36:51','2018-03-21 01:53:26'),(131,'916612612439150599','ベビー達(生後70日ぐらい)と遊ぼう!!(この後一匹脱走した)#デグー ',163,40,'2017-10-07 10:34:11','2017-10-08 12:32:06','2018-03-21 01:53:24'),(132,'916317396918452224','「揺れてるんだけどなんなん？？」#デグー ',130,39,'2017-10-06 15:01:06','2017-10-08 12:32:07','2018-02-10 11:50:43'),(133,'916138442626523136','丸まってオヤツを食べるのが好きらしい。#デグー ',165,29,'2017-10-06 03:10:00','2017-10-08 12:32:07','2018-02-10 11:50:43'),(134,'914813727144280064','デグーは水が苦手なので、代わりに砂のオフロに入って体を洗います。割りと烏の行水です。#デグー ',191,41,'2017-10-02 11:26:03','2017-10-08 12:32:07','2018-03-21 01:53:25'),(135,'914067295923666944','ハンモック、食いちぎられる#デグー ',82,9,'2017-09-30 10:00:00','2017-10-08 12:32:08','2017-12-24 17:13:18'),(136,'913602889171349505','齧り木、足場だった#デグー ',113,24,'2017-09-29 03:14:37','2017-10-08 12:32:08','2018-03-21 01:53:25'),(137,'912903313431068672','二日前に設置したかじり木今朝確認したかじり木齧った奴#デグー ',162,33,'2017-09-27 04:54:45','2017-10-08 12:32:10','2018-03-21 01:53:25'),(138,'912554498148540416','集まるとあったかい。#デグー ',214,42,'2017-09-26 05:48:41','2017-10-08 12:32:11','2018-03-21 01:53:25'),(139,'912150918392664064','体重測定待ちで１２匹全員集合も１２匹全員脱走を試みる。 #デグー ',102,12,'2017-09-25 03:05:00','2017-10-08 12:32:11','2018-03-21 01:53:25'),(140,'911062999691026433','生後45日ぐらい。人差し指ぐらいの体長になってきたし、水もボトルでグビグビ飲みます。#デグー ',148,23,'2017-09-22 03:02:00','2017-10-08 12:32:12','2018-03-21 01:53:25'),(141,'909615465542160385','ハンモック洗濯中の就寝方法#デグー ',93,13,'2017-09-18 03:10:01','2017-10-08 12:32:13','2017-11-30 12:40:37'),(142,'908528298359230464','果物デビュー#デグー ',196,39,'2017-09-15 03:10:00','2017-10-08 12:32:14','2018-03-21 01:53:25'),(143,'907803522091151360','生後40日ぐらい。道具箱で遊ばせようとするも全員脱走#デグー ',270,77,'2017-09-13 03:10:00','2017-10-08 12:32:14','2018-03-21 01:53:25'),(144,'919216240828313600','デグーを飼育する上でランニングコストが最も高いのが「砂」っていうね‥‥。何でこんな高いんだろコレ。#デグー ',53,7,'2017-10-14 15:00:04','2017-10-15 15:16:08','2017-12-24 17:13:17'),(145,'919143681071890432','何故か床材を取っ払って地べたで寝る奴#デグー ',90,10,'2017-10-14 10:11:45','2017-10-15 15:16:10','2018-02-10 11:50:43'),(146,'918675158868492290','あ！ やせいのラッタが あらわれた！ゆけっ！ ラッタ！#デグー ',183,43,'2017-10-13 03:10:00','2017-10-15 15:16:10','2018-03-21 01:53:24'),(147,'918312770797367296','ごきげんなペレット#デグー ',119,22,'2017-10-12 03:10:00','2017-10-15 15:16:11','2018-03-21 01:53:24'),(148,'917691178279145472','開封したての一番刈りが一番美味い!!#デグー ',168,26,'2017-10-10 10:00:01','2017-10-15 15:16:11','2018-03-21 01:53:24'),(149,'917007299188711424','「(ハンモック洗濯中か‥‥。)」#デグー ',254,52,'2017-10-08 12:42:31','2017-10-15 15:16:12','2018-03-21 01:53:24'),(150,'925587822253191168','房しか食わねえなこの子ら#デグー ',111,20,'2017-11-01 04:58:28','2017-11-01 14:14:55','2018-03-21 01:53:22'),(151,'924588177641242624','食事(ドアップ)#デグー ',107,24,'2017-10-29 10:46:14','2017-11-01 14:14:56','2018-03-21 01:53:22'),(152,'923022053921513473','あ‥‥もう朝ッスか‥‥#デグー ',116,15,'2017-10-25 03:03:01','2017-11-01 14:14:57','2017-12-24 17:13:16'),(153,'922764619340550144','ケージの前でジャンプすると全デグー(12匹)が一斉に怯えて引きこもる現象に気づいたけどなんだろ。音かな、揺れかな。面白いけど可哀想だからあんまやらないけど不思議。#デグー',27,0,'2017-10-24 10:00:04','2017-11-01 14:14:57','2017-11-30 12:40:35'),(154,'922041702075940864','「飯か？」「飯かな？」「飯なのか？」」飯やな」#デグー ',164,26,'2017-10-22 10:07:27','2017-11-01 14:14:58','2018-02-10 11:50:42'),(155,'921681718674731013','アダルト３匹用の大型ハンモック、好評です。#デグー ',155,29,'2017-10-21 10:17:00','2017-11-01 14:14:59','2017-11-30 12:40:36'),(156,'921219329525293057','飛び跳ねるベビー達(スロー)#デグー ',102,26,'2017-10-20 03:39:38','2017-11-01 14:14:59','2018-02-10 11:50:42'),(157,'919771669039689728','キョウ サムイネ...#デグー ',157,32,'2017-10-16 03:47:09','2017-11-01 14:15:00','2018-03-21 01:53:24'),(158,'935719265864507394','何故かカメラ向けたら全員この姿勢で固まった#デグー ',140,19,'2017-11-29 03:57:12','2017-11-30 12:40:27','2018-02-10 11:50:41'),(159,'935440630347579392','寝相が安定しないらしく、5秒に1回は寝相を変えてる。枕がしっくりこないようだ。#デグー ',90,16,'2017-11-28 09:30:00','2017-11-30 12:40:28','2018-03-21 01:53:22'),(160,'934723413871968256','【デグーの里親募集中】- 詳細は画像にて- 随時リプライ/DM受け付けます- このツイートは募集終了の段階で削除する予定ですが、募集終了と削除が前後する場合があります。 #デグー #里親募集 ',52,103,'2017-11-26 10:00:02','2017-11-30 12:40:29','2017-12-09 16:47:31'),(161,'932591141374984194','今日のお掃除完了。めっちゃ暖かそうな毛玉布団で寝てる奴が居た。#デグー ',79,11,'2017-11-20 12:47:09','2017-11-30 12:40:29','2018-03-21 01:53:22'),(162,'932448882360856577','我が家のデグーの豪快な欠伸シーンです。お収めください。#デグー ',188,47,'2017-11-20 03:21:52','2017-11-30 12:40:30','2018-02-10 11:50:41'),(163,'932082254397845504','この給水ボトル、普通に500mlのペットボトルが取り付けられるみたい。6匹飼ってるケージだと捗るな。#デグー ',46,6,'2017-11-19 03:05:01','2017-11-30 12:40:30','2017-11-30 12:40:30'),(164,'931794039573135360','ゲヘヘへへ#デグー ',130,25,'2017-11-18 07:59:45','2017-11-30 12:40:31','2018-02-17 07:58:23'),(165,'930602503145697285','見上げてごらん#デグー ',142,14,'2017-11-15 01:05:01','2017-11-30 12:40:31','2018-03-21 01:53:22'),(166,'929876471182606337','くれえええええええええ#デグー ',123,14,'2017-11-13 01:00:01','2017-11-30 12:40:32','2018-02-10 11:50:41'),(167,'929665076172378112','某ペットショップで、この推定100グラムほどのデグーが「生後１ヶ月弱」で並んでたけど、デグーって生後１ヶ月でこんな育つかなぁ？ウチのベビー達は生後３ヶ月弱でこれぐらいだけど、ウチの子が成長遅いのか、お店がサバ読んでるのか。#デグー ',87,15,'2017-11-12 11:00:01','2017-11-30 12:40:33','2017-12-24 17:13:15'),(168,'929287595640610816','ハムスター用ポケットだけど生後3ヶ月組は使ってくれた。#デグー ',141,22,'2017-11-11 10:00:02','2017-11-30 12:40:33','2018-03-21 01:53:22'),(169,'927703399252025346','新しいオフトゥン#デグー ',128,10,'2017-11-07 01:05:00','2017-11-30 12:40:34','2018-02-10 11:50:41'),(170,'926753699417931777','普段は仲良しでも、水を飲みたいタイミングが重なると…?#デグー ',129,35,'2017-11-04 10:11:14','2017-11-30 12:40:34','2018-02-17 07:58:23'),(171,'938410326638215169','プリズンブレイクかよ‥‥。#デグー ',149,41,'2017-12-06 14:10:31','2017-12-09 16:47:28','2018-03-21 01:53:21'),(172,'936910684754886656','外の興味津々のベビー達#デグー ',109,20,'2017-12-02 10:51:28','2017-12-09 16:47:29','2018-03-21 01:53:21'),(173,'936535358791073793','エアコンもいいけど、やっぱり床暖房が一番でしゅ#デグー ',117,28,'2017-12-01 10:00:04','2017-12-09 16:47:30','2018-03-21 01:53:22'),(174,'936439103041576961','我が家のアグーチ女子(小/中/大/巨)#デグー ',92,16,'2017-12-01 03:37:35','2017-12-09 16:47:30','2018-02-10 11:50:41'),(175,'944971162085351424','年明けから里親に出す予定のベビー達の性別と種類を確認しました。年明けより正式に募集します。- メス/ブルー- メス/ブルー- オス/ブルー寄りノーマル- オス/ノーマル#デグー ',61,26,'2017-12-24 16:40:56','2017-12-24 17:13:09','2018-02-17 07:58:22'),(176,'944480247621103616','仲良し組だけどもうすぐお別れ。新しい里親さんの元でも大切にされて欲しいです。#デグー ',123,7,'2017-12-23 08:10:13','2017-12-24 17:13:09','2018-03-21 01:53:21'),(177,'942630581258534917','ベビーたちの奪い合い#デグー ',146,20,'2017-12-18 05:40:18','2017-12-24 17:13:10','2018-03-21 01:53:21'),(178,'942207972712751104','宣材写真風#デグー ',115,11,'2017-12-17 01:41:00','2017-12-24 17:13:10','2018-03-21 01:53:21'),(179,'941536969896607745','こちらの様子を伺っている。ご飯がほしいようだ。#デグー ',130,11,'2017-12-15 05:14:41','2017-12-24 17:13:11','2018-02-10 11:50:40'),(180,'940749361750953984','そこが定位置なのか‥‥#デグー ',170,27,'2017-12-13 01:05:00','2017-12-24 17:13:12','2018-03-21 01:53:21'),(181,'940023349618577413','ここから一歩も動かないという断固たる決意を感じる。#デグー ',152,23,'2017-12-11 01:00:05','2017-12-24 17:13:12','2018-03-21 01:53:21'),(182,'939794773371600896','生後4ヶ月組。兄妹が里親さんの所にお引っ越して少し寂しいけど、部屋が広くなった気がします。それにしてもこの構図、キマってんな。#デグー ',188,35,'2017-12-10 09:51:49','2017-12-24 17:13:13','2018-03-21 01:53:21'),(183,'939660945516875776','なかよくおねんね#デグー ',96,16,'2017-12-10 01:00:02','2017-12-24 17:13:14','2018-02-10 11:50:40'),(184,'949589516192329729','寝正月が抜けてないやつ#デグー ',172,31,'2018-01-06 10:32:37','2018-01-06 16:50:04','2018-03-21 01:53:20'),(185,'948720639598264320','デグ団子(特盛り)#デグー ',136,24,'2018-01-04 01:00:01','2018-01-06 16:50:05','2018-02-10 11:50:40'),(186,'948528117173207041','寝　正　月#デグー ',149,24,'2018-01-03 12:15:00','2018-01-06 16:50:05','2018-02-10 11:50:40'),(187,'947995860385722368','正直ブルーとかブルーパイドとかアグーチパイドとかの識別が怪しい。わかりやすい柄の子だといいんだけどね。中間ぐらいだったり幼かったりすると何て紹介したら良いのか。#デグー ',77,10,'2018-01-02 01:00:00','2018-01-06 16:50:06','2018-03-21 01:53:21'),(188,'947785025772183552','あけましておめでとうございます。引き続き里親を募集しております。ベビーの情報を追加しました。#デグー #里親 #里親募集 ',29,41,'2018-01-01 11:02:13','2018-01-06 16:50:07','2018-01-06 16:50:07'),(189,'946183925751091200','ベビーの顔と名前が一致しないので名前入りで現像してコルクボードに貼ってみたけど、やっぱりノーマルの区別はつかない。#デグー ',46,2,'2017-12-28 01:00:01','2018-01-06 16:50:07','2018-03-21 01:53:21'),(190,'945942330225201152','欠伸を捉えたは良いけど、メチャクチャ強力なキバに見える。#デグー ',62,5,'2017-12-27 09:00:00','2018-01-06 16:50:08','2018-03-21 01:53:21'),(191,'945823740788596736','おうち、あっという間に青天井にされた。暗くて狭いとこが好きなんじゃなかったのかっ！#デグー ',157,20,'2017-12-27 01:08:47','2018-01-06 16:50:09','2018-03-21 01:53:21'),(192,'961746026989199366','巣穴？#デグー ',98,13,'2018-02-08 23:38:15','2018-02-10 11:50:37','2018-03-21 01:53:19'),(193,'960093126244253696','無限もぐもぐ#デグー ',126,30,'2018-02-04 10:10:13','2018-02-10 11:50:37','2018-03-21 01:53:19'),(194,'957814129963642881','肩乗りデグー#デグー ',117,19,'2018-01-29 03:14:18','2018-02-10 11:50:37','2018-03-21 01:53:19'),(195,'956759569681666049','iPhoneのLivePhotoからGIFを生成する術を覚えた。楽しい。#デグー ',121,21,'2018-01-26 05:23:51','2018-02-10 11:50:38','2018-02-17 07:58:21'),(196,'953800196529385473','ぐででぐ#デグー ',214,43,'2018-01-18 01:24:22','2018-02-10 11:50:38','2018-03-21 01:53:20'),(197,'952764575178407936','昔はケンカばかりだった男の子ペアがすっかり仲良くなって同居できるように。#デグー ',137,12,'2018-01-15 04:49:10','2018-02-10 11:50:39','2018-03-21 01:53:20'),(198,'951261125659697152','乳離が遅い気がする#デグー ',120,18,'2018-01-11 01:15:00','2018-02-10 11:50:39','2018-03-21 01:53:20'),(200,'962550810663010305','【デグー 里親募集】おそらく最後の募集です。詳細は添付画像から確認お願いします。お気軽にDMお待ちしております。#デグー #里親 #里親募集 ',43,100,'2018-02-11 04:56:11','2018-02-17 07:58:19','2018-02-17 07:58:19'),(201,'975529789045006341','この疾走感#デグー ',156,27,'2018-03-19 00:30:00','2018-03-21 01:53:14','2018-03-21 01:53:14'),(202,'975008027370651648','大きなご飯を手に入れてご満悦#デグー ',178,31,'2018-03-17 13:56:43','2018-03-21 01:53:15','2018-03-21 01:53:15'),(203,'974951623326773249','デグーって当たり前だけど本来はアンデスとか野生下で生活してるわけじゃないですか。じゃあ飼育下のデグーに床が土になってるおうちを作ったらどうなるんでしょう？試したこといません？#デグー',14,0,'2018-03-17 10:12:35','2018-03-21 01:53:15','2018-03-21 01:53:15'),(204,'974272226911436800','【デグー 里親募集】急ぎではありませんが、引き続き継続的にデグーの里親を募集しております。募集中の子については、このツイートの返信ツイートにて逐次掲載させていただきます。#デグー #里親募集 ',65,154,'2018-03-15 13:12:54','2018-03-21 01:53:16','2018-03-21 01:53:16'),(205,'972993072895266816','頭隠して尻隠さずハンモック設置初日でぶっ壊しといてそうやって使うのか‥‥。#デグー ',98,12,'2018-03-12 00:30:00','2018-03-21 01:53:16','2018-03-21 01:53:16'),(206,'971722304634826752','ちびっこ へやんぽ#デグー ',166,24,'2018-03-08 12:20:25','2018-03-21 01:53:17','2018-03-21 01:53:17'),(207,'970177190733037570','サンドデグー（イエローデグー）が居ると聞いて、少し遠くのペットショップまで足を運んだら、凄い姿勢で寝てた。#デグー ',439,96,'2018-03-04 06:00:41','2018-03-21 01:53:17','2018-03-21 01:53:17'),(208,'967367149319741441','忍者かな？#デグー ',129,24,'2018-02-24 11:54:35','2018-03-21 01:53:18','2018-03-21 01:53:18'),(209,'965544067978309632','暖房が微妙に遠い#デグー ',54,9,'2018-02-19 11:10:19','2018-03-21 01:53:18','2018-03-21 01:53:18');
/*!40000 ALTER TABLE `tweets` ENABLE KEYS */;
UNLOCK TABLES;

--
-- Table structure for table `weights`
--

DROP TABLE IF EXISTS `weights`;
/*!40101 SET @saved_cs_client     = @@character_set_client */;
/*!40101 SET character_set_client = utf8 */;
CREATE TABLE `weights` (
  `id` bigint(20) NOT NULL AUTO_INCREMENT,
  `degu_id` bigint(20) DEFAULT NULL,
  `measurement_id` bigint(20) DEFAULT NULL,
  `value` int(11) DEFAULT NULL,
  `created_at` datetime NOT NULL,
  `updated_at` datetime NOT NULL,
  PRIMARY KEY (`id`),
  KEY `index_weights_on_degu_id` (`degu_id`),
  KEY `index_weights_on_measurement_id` (`measurement_id`),
  CONSTRAINT `fk_rails_40f69e8383` FOREIGN KEY (`degu_id`) REFERENCES `degus` (`id`)
) ENGINE=InnoDB AUTO_INCREMENT=423 DEFAULT CHARSET=utf8;
/*!40101 SET character_set_client = @saved_cs_client */;

--
-- Dumping data for table `weights`
--

LOCK TABLES `weights` WRITE;
/*!40000 ALTER TABLE `weights` DISABLE KEYS */;
INSERT INTO `weights` VALUES (1,1,1,217,'2017-08-27 15:04:50','2017-08-27 15:04:50'),(2,2,1,207,'2017-08-27 15:04:50','2017-08-27 15:04:50'),(3,1,2,216,'2017-08-27 15:04:50','2017-08-27 15:04:50'),(4,2,2,201,'2017-08-27 15:04:50','2017-08-27 15:04:50'),(5,1,3,224,'2017-08-27 15:04:50','2017-08-27 15:04:50'),(6,2,3,198,'2017-08-27 15:04:50','2017-08-27 15:04:50'),(7,1,4,216,'2017-08-27 15:04:50','2017-08-27 15:04:50'),(8,2,4,204,'2017-08-27 15:04:50','2017-08-27 15:04:50'),(9,1,5,209,'2017-08-27 15:04:50','2017-08-27 15:04:50'),(10,2,5,222,'2017-08-27 15:04:50','2017-08-27 15:04:50'),(11,1,6,210,'2017-08-27 15:04:50','2017-08-27 15:04:50'),(12,2,6,220,'2017-08-27 15:04:50','2017-08-27 15:04:50'),(13,1,7,207,'2017-08-27 15:04:50','2017-08-27 15:04:50'),(14,2,7,219,'2017-08-27 15:04:50','2017-08-27 15:04:50'),(15,1,8,208,'2017-08-27 15:04:50','2017-08-27 15:04:50'),(16,2,8,228,'2017-08-27 15:04:51','2017-08-27 15:04:51'),(17,1,9,214,'2017-08-27 15:04:51','2017-08-27 15:04:51'),(18,2,9,220,'2017-08-27 15:04:51','2017-08-27 15:04:51'),(19,1,10,208,'2017-08-27 15:04:51','2017-08-27 15:04:51'),(20,2,10,206,'2017-08-27 15:04:51','2017-08-27 15:04:51'),(21,1,11,213,'2017-08-27 15:04:51','2017-08-27 15:04:51'),(22,2,11,219,'2017-08-27 15:04:51','2017-08-27 15:04:51'),(23,1,12,190,'2017-08-27 15:04:51','2017-08-27 15:04:51'),(24,2,12,193,'2017-08-27 15:04:51','2017-08-27 15:04:51'),(25,1,13,218,'2017-08-27 15:04:51','2017-08-27 15:04:51'),(26,2,13,227,'2017-08-27 15:04:51','2017-08-27 15:04:51'),(27,1,14,189,'2017-08-27 15:04:51','2017-08-27 15:04:51'),(28,2,14,190,'2017-08-27 15:04:51','2017-08-27 15:04:51'),(29,1,15,203,'2017-08-27 15:04:51','2017-08-27 15:04:51'),(30,2,15,208,'2017-08-27 15:04:51','2017-08-27 15:04:51'),(31,1,16,205,'2017-08-27 15:04:51','2017-08-27 15:04:51'),(32,2,16,212,'2017-08-27 15:04:51','2017-08-27 15:04:51'),(33,1,17,209,'2017-08-27 15:04:51','2017-08-27 15:04:51'),(34,2,17,216,'2017-08-27 15:04:51','2017-08-27 15:04:51'),(35,1,18,180,'2017-08-27 15:04:51','2017-08-27 15:04:51'),(36,2,18,188,'2017-08-27 15:04:51','2017-08-27 15:04:51'),(37,1,19,217,'2017-08-27 15:04:51','2017-08-27 15:04:51'),(38,2,19,204,'2017-08-27 15:04:51','2017-08-27 15:04:51'),(39,1,20,196,'2017-08-27 15:04:51','2017-08-27 15:04:51'),(40,2,20,206,'2017-08-27 15:04:51','2017-08-27 15:04:51'),(41,1,21,201,'2017-08-27 15:04:51','2017-08-27 15:04:51'),(42,2,21,213,'2017-08-27 15:04:51','2017-08-27 15:04:51'),(43,1,22,189,'2017-08-27 15:04:51','2017-08-27 15:04:51'),(44,2,22,208,'2017-08-27 15:04:51','2017-08-27 15:04:51'),(45,1,23,190,'2017-08-27 15:04:51','2017-08-27 15:04:51'),(46,2,23,200,'2017-08-27 15:04:51','2017-08-27 15:04:51'),(47,1,24,196,'2017-08-27 15:04:51','2017-08-27 15:04:51'),(48,2,24,208,'2017-08-27 15:04:51','2017-08-27 15:04:51'),(49,1,25,202,'2017-08-27 15:04:51','2017-08-27 15:04:51'),(50,2,25,207,'2017-08-27 15:04:51','2017-08-27 15:04:51'),(51,4,25,197,'2017-08-27 15:04:51','2017-08-27 15:04:51'),(52,3,25,154,'2017-08-27 15:04:51','2017-08-27 15:04:51'),(53,1,26,201,'2017-08-27 15:04:51','2017-08-27 15:04:51'),(54,2,26,213,'2017-08-27 15:04:51','2017-08-27 15:04:51'),(55,4,26,190,'2017-08-27 15:04:51','2017-08-27 15:04:51'),(56,3,26,156,'2017-08-27 15:04:51','2017-08-27 15:04:51'),(57,1,27,202,'2017-08-27 15:04:51','2017-08-27 15:04:51'),(58,2,27,203,'2017-08-27 15:04:51','2017-08-27 15:04:51'),(59,4,27,183,'2017-08-27 15:04:51','2017-08-27 15:04:51'),(60,3,27,150,'2017-08-27 15:04:51','2017-08-27 15:04:51'),(61,1,28,202,'2017-08-27 15:04:51','2017-08-27 15:04:51'),(62,2,28,201,'2017-08-27 15:04:51','2017-08-27 15:04:51'),(63,4,28,180,'2017-08-27 15:04:51','2017-08-27 15:04:51'),(64,3,28,144,'2017-08-27 15:04:51','2017-08-27 15:04:51'),(65,1,29,204,'2017-08-27 15:04:51','2017-08-27 15:04:51'),(66,2,29,211,'2017-08-27 15:04:51','2017-08-27 15:04:51'),(67,4,29,180,'2017-08-27 15:04:51','2017-08-27 15:04:51'),(68,3,29,148,'2017-08-27 15:04:51','2017-08-27 15:04:51'),(69,1,30,236,'2017-08-27 15:04:51','2017-08-27 15:04:51'),(70,2,30,245,'2017-08-27 15:04:51','2017-08-27 15:04:51'),(71,3,30,195,'2017-08-27 15:04:51','2017-08-27 15:04:51'),(72,1,31,230,'2017-08-27 15:04:51','2017-08-27 15:04:51'),(73,2,31,255,'2017-08-27 15:04:51','2017-08-27 15:04:51'),(74,3,31,193,'2017-08-27 15:04:51','2017-08-27 15:04:51'),(75,1,32,229,'2017-08-27 15:04:51','2017-08-27 15:04:51'),(76,2,32,264,'2017-08-27 15:04:51','2017-08-27 15:04:51'),(77,3,32,200,'2017-08-27 15:04:51','2017-08-27 15:04:51'),(78,7,32,109,'2017-08-27 15:04:51','2017-08-27 15:04:51'),(79,6,32,99,'2017-08-27 15:04:51','2017-08-27 15:04:51'),(80,5,32,85,'2017-08-27 15:04:51','2017-08-27 15:04:51'),(81,1,33,231,'2017-08-27 15:04:51','2017-08-27 15:04:51'),(82,2,33,267,'2017-08-27 15:04:51','2017-08-27 15:04:51'),(83,3,33,197,'2017-08-27 15:04:51','2017-08-27 15:04:51'),(84,7,33,129,'2017-08-27 15:04:51','2017-08-27 15:04:51'),(85,6,33,109,'2017-08-27 15:04:51','2017-08-27 15:04:51'),(86,5,33,110,'2017-08-27 15:04:51','2017-08-27 15:04:51'),(87,1,34,232,'2017-08-27 15:04:51','2017-08-27 15:04:51'),(88,2,34,285,'2017-08-27 15:04:51','2017-08-27 15:04:51'),(89,3,34,200,'2017-08-27 15:04:51','2017-08-27 15:04:51'),(90,7,34,133,'2017-08-27 15:04:51','2017-08-27 15:04:51'),(91,6,34,114,'2017-08-27 15:04:51','2017-08-27 15:04:51'),(92,5,34,116,'2017-08-27 15:04:51','2017-08-27 15:04:51'),(93,1,35,224,'2017-08-27 15:04:51','2017-08-27 15:04:51'),(94,2,35,314,'2017-08-27 15:04:51','2017-08-27 15:04:51'),(95,3,35,196,'2017-08-27 15:04:52','2017-08-27 15:04:52'),(96,7,35,146,'2017-08-27 15:04:52','2017-08-27 15:04:52'),(97,6,35,119,'2017-08-27 15:04:52','2017-08-27 15:04:52'),(98,5,35,124,'2017-08-27 15:04:52','2017-08-27 15:04:52'),(99,1,36,220,'2017-08-27 15:04:52','2017-08-27 15:04:52'),(100,2,36,236,'2017-08-27 15:04:52','2017-08-27 15:04:52'),(101,3,36,193,'2017-08-27 15:04:52','2017-08-27 15:04:52'),(102,7,36,153,'2017-08-27 15:04:52','2017-08-27 15:04:52'),(103,6,36,120,'2017-08-27 15:04:52','2017-08-27 15:04:52'),(104,5,36,125,'2017-08-27 15:04:52','2017-08-27 15:04:52'),(105,8,36,11,'2017-08-27 15:04:52','2017-08-27 15:04:52'),(106,9,36,11,'2017-08-27 15:04:52','2017-08-27 15:04:52'),(107,13,36,11,'2017-08-27 15:04:52','2017-08-27 15:04:52'),(108,11,36,11,'2017-08-27 15:04:52','2017-08-27 15:04:52'),(109,12,36,11,'2017-08-27 15:04:52','2017-08-27 15:04:52'),(110,10,36,11,'2017-08-27 15:04:52','2017-08-27 15:04:52'),(111,14,36,11,'2017-08-27 15:04:52','2017-08-27 15:04:52'),(112,1,37,225,'2017-08-27 15:04:52','2017-08-27 15:04:52'),(113,2,37,256,'2017-08-27 15:04:52','2017-08-27 15:04:52'),(114,3,37,199,'2017-08-27 15:04:52','2017-08-27 15:04:52'),(115,7,37,158,'2017-08-27 15:04:52','2017-08-27 15:04:52'),(116,6,37,125,'2017-08-27 15:04:52','2017-08-27 15:04:52'),(117,5,37,133,'2017-08-27 15:04:52','2017-08-27 15:04:52'),(118,8,37,14,'2017-08-27 15:04:52','2017-08-27 15:04:52'),(119,9,37,14,'2017-08-27 15:04:52','2017-08-27 15:04:52'),(120,13,37,14,'2017-08-27 15:04:52','2017-08-27 15:04:52'),(121,11,37,14,'2017-08-27 15:04:52','2017-08-27 15:04:52'),(122,12,37,14,'2017-08-27 15:04:52','2017-08-27 15:04:52'),(123,10,37,14,'2017-08-27 15:04:52','2017-08-27 15:04:52'),(124,14,37,14,'2017-08-27 15:04:52','2017-08-27 15:04:52'),(125,1,38,228,'2017-08-27 15:04:52','2017-08-27 15:04:52'),(126,2,38,230,'2017-08-27 15:04:52','2017-08-27 15:04:52'),(127,3,38,191,'2017-08-27 15:04:52','2017-08-27 15:04:52'),(128,7,38,174,'2017-08-27 15:04:52','2017-08-27 15:04:52'),(129,6,38,134,'2017-08-27 15:04:52','2017-08-27 15:04:52'),(130,5,38,149,'2017-08-27 15:04:52','2017-08-27 15:04:52'),(131,8,38,20,'2017-08-27 15:04:52','2017-08-27 15:04:52'),(132,9,38,20,'2017-08-27 15:04:52','2017-08-27 15:04:52'),(133,13,38,20,'2017-08-27 15:04:52','2017-08-27 15:04:52'),(134,11,38,20,'2017-08-27 15:04:52','2017-08-27 15:04:52'),(135,12,38,20,'2017-08-27 15:04:52','2017-08-27 15:04:52'),(136,10,38,20,'2017-08-27 15:04:52','2017-08-27 15:04:52'),(137,14,38,20,'2017-08-27 15:04:52','2017-08-27 15:04:52'),(138,1,39,226,'2017-08-27 15:04:52','2017-08-27 15:04:52'),(139,2,39,229,'2017-08-27 15:04:52','2017-08-27 15:04:52'),(140,3,39,191,'2017-08-27 15:04:52','2017-08-27 15:04:52'),(141,7,39,174,'2017-08-27 15:04:52','2017-08-27 15:04:52'),(142,6,39,129,'2017-08-27 15:04:52','2017-08-27 15:04:52'),(143,5,39,154,'2017-08-27 15:04:52','2017-08-27 15:04:52'),(144,8,39,27,'2017-08-27 15:04:52','2017-08-27 15:04:52'),(145,9,39,30,'2017-08-27 15:04:52','2017-08-27 15:04:52'),(146,13,39,26,'2017-08-27 15:04:52','2017-08-27 15:04:52'),(147,11,39,21,'2017-08-27 15:04:52','2017-08-27 15:04:52'),(148,12,39,28,'2017-08-27 15:04:52','2017-08-27 15:04:52'),(149,10,39,28,'2017-08-27 15:04:52','2017-08-27 15:04:52'),(150,14,39,25,'2017-08-27 15:04:52','2017-08-27 15:04:52'),(151,1,40,227,'2017-09-04 14:00:56','2017-09-04 14:00:56'),(152,2,40,211,'2017-09-04 14:00:56','2017-09-04 14:00:56'),(153,3,40,194,'2017-09-04 14:00:56','2017-09-04 14:00:56'),(154,5,40,150,'2017-09-04 14:00:56','2017-09-04 14:00:56'),(155,6,40,130,'2017-09-04 14:00:57','2017-09-04 14:00:57'),(156,7,40,175,'2017-09-04 14:00:57','2017-09-04 14:00:57'),(157,8,40,31,'2017-09-04 14:00:57','2017-09-04 14:00:57'),(158,9,40,37,'2017-09-04 14:00:57','2017-09-04 14:00:57'),(159,10,40,36,'2017-09-04 14:00:57','2017-09-04 14:00:57'),(160,11,40,24,'2017-09-04 14:00:57','2017-09-04 14:00:57'),(161,12,40,34,'2017-09-04 14:00:57','2017-09-04 14:00:57'),(162,13,40,33,'2017-09-04 14:00:57','2017-09-04 14:00:57'),(163,14,40,33,'2017-09-04 14:00:57','2017-09-04 14:00:57'),(164,1,41,232,'2017-09-12 15:12:20','2017-09-12 15:12:20'),(165,2,41,211,'2017-09-12 15:12:20','2017-09-12 15:12:20'),(166,3,41,194,'2017-09-12 15:12:20','2017-09-12 15:12:20'),(167,5,41,158,'2017-09-12 15:12:20','2017-09-12 15:12:20'),(168,6,41,131,'2017-09-12 15:12:20','2017-09-12 15:12:20'),(169,7,41,185,'2017-09-12 15:12:20','2017-09-12 15:12:20'),(170,8,41,33,'2017-09-12 15:12:20','2017-09-12 15:12:20'),(171,9,41,34,'2017-09-12 15:12:20','2017-09-12 15:12:20'),(172,10,41,37,'2017-09-12 15:12:20','2017-09-12 15:12:20'),(173,12,41,34,'2017-09-12 15:12:20','2017-09-12 15:12:20'),(174,13,41,36,'2017-09-12 15:12:20','2017-09-12 15:12:20'),(175,14,41,36,'2017-09-12 15:12:20','2017-09-12 15:12:20'),(176,1,42,221,'2017-09-18 16:49:20','2017-09-18 16:49:20'),(177,2,42,235,'2017-09-18 16:49:20','2017-09-18 16:49:20'),(178,3,42,190,'2017-09-18 16:49:20','2017-09-18 16:49:20'),(179,5,42,166,'2017-09-18 16:49:20','2017-09-18 16:49:20'),(180,6,42,140,'2017-09-18 16:49:20','2017-09-18 16:49:20'),(181,7,42,192,'2017-09-18 16:49:20','2017-09-18 16:49:20'),(182,8,42,41,'2017-09-18 16:49:20','2017-09-18 16:49:20'),(183,9,42,42,'2017-09-18 16:49:20','2017-09-18 16:49:20'),(184,10,42,45,'2017-09-18 16:49:20','2017-09-18 16:49:20'),(185,12,42,43,'2017-09-18 16:49:20','2017-09-18 16:49:20'),(186,13,42,43,'2017-09-18 16:49:20','2017-09-18 16:49:20'),(187,14,42,42,'2017-09-18 16:49:20','2017-09-18 16:49:20'),(188,1,43,235,'2017-09-24 14:26:22','2017-09-24 14:26:22'),(189,2,43,239,'2017-09-24 14:26:22','2017-09-24 14:26:22'),(190,3,43,205,'2017-09-24 14:26:22','2017-09-24 14:26:22'),(191,5,43,182,'2017-09-24 14:26:22','2017-09-24 14:26:22'),(192,6,43,143,'2017-09-24 14:26:22','2017-09-24 14:26:22'),(193,7,43,198,'2017-09-24 14:26:22','2017-09-24 14:26:22'),(194,8,43,49,'2017-09-24 14:26:22','2017-09-24 14:26:22'),(195,9,43,47,'2017-09-24 14:26:22','2017-09-24 14:26:22'),(196,10,43,52,'2017-09-24 14:26:22','2017-09-24 14:26:22'),(197,12,43,51,'2017-09-24 14:26:22','2017-09-24 14:26:22'),(198,13,43,51,'2017-09-24 14:26:22','2017-09-24 14:26:22'),(199,14,43,50,'2017-09-24 14:26:23','2017-09-24 14:26:23'),(200,1,44,233,'2017-09-30 14:48:33','2017-09-30 14:48:33'),(201,2,44,235,'2017-09-30 14:48:33','2017-09-30 14:48:33'),(202,3,44,201,'2017-09-30 14:48:33','2017-09-30 14:48:33'),(203,5,44,184,'2017-09-30 14:48:33','2017-09-30 14:48:33'),(204,6,44,145,'2017-09-30 14:48:33','2017-09-30 14:48:33'),(205,7,44,203,'2017-09-30 14:48:33','2017-09-30 14:48:33'),(206,8,44,54,'2017-09-30 14:48:33','2017-09-30 14:48:33'),(207,9,44,52,'2017-09-30 14:48:33','2017-09-30 14:48:33'),(208,10,44,53,'2017-09-30 14:48:33','2017-09-30 14:48:33'),(209,12,44,48,'2017-09-30 14:48:33','2017-09-30 14:48:33'),(210,13,44,54,'2017-09-30 14:48:33','2017-09-30 14:48:33'),(211,14,44,51,'2017-09-30 14:48:33','2017-09-30 14:48:33'),(224,1,46,228,'2017-10-08 12:26:05','2017-10-08 12:26:05'),(225,2,46,254,'2017-10-08 12:26:06','2017-10-08 12:26:06'),(226,3,46,198,'2017-10-08 12:26:06','2017-10-08 12:26:06'),(227,5,46,193,'2017-10-08 12:26:06','2017-10-08 12:26:06'),(228,6,46,156,'2017-10-08 12:26:06','2017-10-08 12:26:06'),(229,7,46,220,'2017-10-08 12:26:06','2017-10-08 12:26:06'),(230,8,46,66,'2017-10-08 12:26:06','2017-10-08 12:26:06'),(231,9,46,65,'2017-10-08 12:26:06','2017-10-08 12:26:06'),(232,10,46,68,'2017-10-08 12:26:06','2017-10-08 12:26:06'),(233,12,46,66,'2017-10-08 12:26:06','2017-10-08 12:26:06'),(234,13,46,67,'2017-10-08 12:26:06','2017-10-08 12:26:06'),(235,14,46,68,'2017-10-08 12:26:06','2017-10-08 12:26:06'),(236,1,47,229,'2017-10-15 15:10:05','2017-10-15 15:10:05'),(237,2,47,252,'2017-10-15 15:10:05','2017-10-15 15:10:05'),(238,3,47,201,'2017-10-15 15:10:05','2017-10-15 15:10:05'),(239,5,47,188,'2017-10-15 15:10:05','2017-10-15 15:10:05'),(240,6,47,171,'2017-10-15 15:10:05','2017-10-15 15:10:05'),(241,7,47,227,'2017-10-15 15:10:05','2017-10-15 15:10:05'),(242,8,47,62,'2017-10-15 15:10:05','2017-10-15 15:10:05'),(243,9,47,62,'2017-10-15 15:10:05','2017-10-15 15:10:05'),(244,10,47,62,'2017-10-15 15:10:05','2017-10-15 15:10:05'),(245,12,47,57,'2017-10-15 15:10:05','2017-10-15 15:10:05'),(246,13,47,62,'2017-10-15 15:10:05','2017-10-15 15:10:05'),(247,14,47,62,'2017-10-15 15:10:05','2017-10-15 15:10:05'),(248,1,48,226,'2017-10-22 12:59:43','2017-10-22 12:59:43'),(249,2,48,252,'2017-10-22 12:59:43','2017-10-22 12:59:43'),(250,3,48,210,'2017-10-22 12:59:43','2017-10-22 12:59:43'),(251,5,48,202,'2017-10-22 12:59:43','2017-10-22 12:59:43'),(252,6,48,180,'2017-10-22 12:59:43','2017-10-22 12:59:43'),(253,7,48,243,'2017-10-22 12:59:43','2017-10-22 12:59:43'),(254,8,48,82,'2017-10-22 12:59:43','2017-10-22 12:59:43'),(255,9,48,85,'2017-10-22 12:59:43','2017-10-22 12:59:43'),(256,10,48,85,'2017-10-22 12:59:43','2017-10-22 12:59:43'),(257,12,48,82,'2017-10-22 12:59:43','2017-10-22 12:59:43'),(258,13,48,89,'2017-10-22 12:59:43','2017-10-22 12:59:43'),(259,14,48,86,'2017-10-22 12:59:43','2017-10-22 12:59:43'),(260,1,49,230,'2017-10-28 16:34:32','2017-10-28 16:34:32'),(261,2,49,260,'2017-10-28 16:34:32','2017-10-28 16:34:32'),(262,3,49,213,'2017-10-28 16:34:32','2017-10-28 16:34:32'),(263,5,49,200,'2017-10-28 16:34:32','2017-10-28 16:34:32'),(264,6,49,195,'2017-10-28 16:34:32','2017-10-28 16:34:32'),(265,7,49,257,'2017-10-28 16:34:32','2017-10-28 16:34:32'),(266,8,49,86,'2017-10-28 16:34:32','2017-10-28 16:34:32'),(267,9,49,91,'2017-10-28 16:34:32','2017-10-28 16:34:32'),(268,10,49,91,'2017-10-28 16:34:32','2017-10-28 16:34:32'),(269,12,49,88,'2017-10-28 16:34:32','2017-10-28 16:34:32'),(270,13,49,92,'2017-10-28 16:34:32','2017-10-28 16:34:32'),(271,14,49,90,'2017-10-28 16:34:32','2017-10-28 16:34:32'),(272,1,50,215,'2017-11-05 08:25:16','2017-11-05 08:25:16'),(273,2,50,244,'2017-11-05 08:25:16','2017-11-05 08:25:16'),(274,3,50,197,'2017-11-05 08:25:16','2017-11-05 08:25:16'),(275,5,50,174,'2017-11-05 08:25:16','2017-11-05 08:25:16'),(276,6,50,191,'2017-11-05 08:25:16','2017-11-05 08:25:16'),(277,7,50,255,'2017-11-05 08:25:16','2017-11-05 08:25:16'),(278,8,50,84,'2017-11-05 08:25:16','2017-11-05 08:25:16'),(279,9,50,89,'2017-11-05 08:25:16','2017-11-05 08:25:16'),(280,10,50,87,'2017-11-05 08:25:16','2017-11-05 08:25:16'),(281,12,50,79,'2017-11-05 08:25:16','2017-11-05 08:25:16'),(282,13,50,84,'2017-11-05 08:25:16','2017-11-05 08:25:16'),(283,14,50,88,'2017-11-05 08:25:16','2017-11-05 08:25:16'),(284,1,51,235,'2017-11-13 14:49:26','2017-11-13 14:49:26'),(285,2,51,269,'2017-11-13 14:49:26','2017-11-13 14:49:26'),(286,3,51,217,'2017-11-13 14:49:26','2017-11-13 14:49:26'),(287,5,51,191,'2017-11-13 14:49:26','2017-11-13 14:49:26'),(288,6,51,222,'2017-11-13 14:49:26','2017-11-13 14:49:26'),(289,7,51,290,'2017-11-13 14:49:26','2017-11-13 14:49:26'),(290,8,51,92,'2017-11-13 14:49:26','2017-11-13 14:49:26'),(291,9,51,99,'2017-11-13 14:49:26','2017-11-13 14:49:26'),(292,10,51,102,'2017-11-13 14:49:26','2017-11-13 14:49:26'),(293,12,51,92,'2017-11-13 14:49:26','2017-11-13 14:49:26'),(294,13,51,102,'2017-11-13 14:49:26','2017-11-13 14:49:26'),(295,14,51,96,'2017-11-13 14:49:26','2017-11-13 14:49:26'),(296,1,52,235,'2017-11-19 16:23:25','2017-11-19 16:23:25'),(297,2,52,276,'2017-11-19 16:23:25','2017-11-19 16:23:25'),(298,3,52,214,'2017-11-19 16:23:25','2017-11-19 16:23:25'),(299,5,52,194,'2017-11-19 16:23:25','2017-11-19 16:23:25'),(300,6,52,187,'2017-11-19 16:23:25','2017-11-19 16:23:25'),(301,7,52,323,'2017-11-19 16:23:25','2017-11-19 16:23:25'),(302,8,52,105,'2017-11-19 16:23:25','2017-11-19 16:23:25'),(303,9,52,116,'2017-11-19 16:23:25','2017-11-19 16:23:25'),(304,10,52,112,'2017-11-19 16:23:25','2017-11-19 16:23:25'),(305,12,52,103,'2017-11-19 16:23:25','2017-11-19 16:23:25'),(306,13,52,110,'2017-11-19 16:23:25','2017-11-19 16:23:25'),(307,14,52,116,'2017-11-19 16:23:25','2017-11-19 16:23:25'),(308,1,53,227,'2017-11-30 12:37:39','2017-11-30 12:37:39'),(309,2,53,297,'2017-11-30 12:37:39','2017-11-30 12:37:39'),(310,3,53,211,'2017-11-30 12:37:39','2017-11-30 12:37:39'),(311,5,53,184,'2017-11-30 12:37:39','2017-11-30 12:37:39'),(312,6,53,154,'2017-11-30 12:37:39','2017-11-30 12:37:39'),(313,7,53,233,'2017-11-30 12:37:39','2017-11-30 12:37:39'),(314,8,53,119,'2017-11-30 12:37:39','2017-11-30 12:37:39'),(315,9,53,124,'2017-11-30 12:37:39','2017-11-30 12:37:39'),(316,10,53,124,'2017-11-30 12:37:39','2017-11-30 12:37:39'),(317,12,53,116,'2017-11-30 12:37:39','2017-11-30 12:37:39'),(318,13,53,123,'2017-11-30 12:37:39','2017-11-30 12:37:39'),(319,14,53,130,'2017-11-30 12:37:39','2017-11-30 12:37:39'),(320,1,54,229,'2017-12-09 16:49:24','2017-12-09 16:49:24'),(321,2,54,314,'2017-12-09 16:49:24','2017-12-09 16:49:24'),(322,3,54,204,'2017-12-09 16:49:24','2017-12-09 16:49:24'),(323,5,54,179,'2017-12-09 16:49:24','2017-12-09 16:49:24'),(324,6,54,138,'2017-12-09 16:49:24','2017-12-09 16:49:24'),(325,7,54,220,'2017-12-09 16:49:24','2017-12-09 16:49:24'),(326,9,54,126,'2017-12-09 16:49:24','2017-12-09 16:49:24'),(327,10,54,130,'2017-12-09 16:49:24','2017-12-09 16:49:24'),(328,14,54,130,'2017-12-09 16:49:24','2017-12-09 16:49:24'),(329,1,55,221,'2017-12-24 17:05:24','2017-12-24 17:05:24'),(330,2,55,272,'2017-12-24 17:05:24','2017-12-24 17:05:24'),(331,3,55,213,'2017-12-24 17:05:24','2017-12-24 17:05:24'),(332,5,55,193,'2017-12-24 17:05:24','2017-12-24 17:05:24'),(333,6,55,153,'2017-12-24 17:05:24','2017-12-24 17:05:24'),(334,7,55,230,'2017-12-24 17:05:24','2017-12-24 17:05:24'),(335,9,55,148,'2017-12-24 17:05:24','2017-12-24 17:05:24'),(336,10,55,153,'2017-12-24 17:05:24','2017-12-24 17:05:24'),(337,14,55,159,'2017-12-24 17:05:24','2017-12-24 17:05:24'),(338,15,55,50,'2017-12-24 17:05:24','2017-12-24 17:05:24'),(339,16,55,43,'2017-12-24 17:05:24','2017-12-24 17:05:24'),(340,17,55,54,'2017-12-24 17:05:24','2017-12-24 17:05:24'),(341,18,55,49,'2017-12-24 17:05:24','2017-12-24 17:05:24'),(342,19,55,52,'2017-12-24 17:05:24','2017-12-24 17:05:24'),(343,20,55,52,'2017-12-24 17:05:24','2017-12-24 17:05:24'),(344,21,55,45,'2017-12-24 17:05:24','2017-12-24 17:05:24'),(345,1,56,233,'2018-01-06 16:38:00','2018-01-06 16:38:00'),(346,2,56,270,'2018-01-06 16:38:00','2018-01-06 16:38:00'),(347,3,56,221,'2018-01-06 16:38:00','2018-01-06 16:38:00'),(348,5,56,197,'2018-01-06 16:38:00','2018-01-06 16:38:00'),(349,6,56,149,'2018-01-06 16:38:00','2018-01-06 16:38:00'),(350,7,56,236,'2018-01-06 16:38:00','2018-01-06 16:38:00'),(351,14,56,172,'2018-01-06 16:38:00','2018-01-06 16:38:00'),(352,15,56,69,'2018-01-06 16:38:00','2018-01-06 16:38:00'),(353,16,56,72,'2018-01-06 16:38:00','2018-01-06 16:38:00'),(354,17,56,71,'2018-01-06 16:38:00','2018-01-06 16:38:00'),(355,19,56,73,'2018-01-06 16:38:00','2018-01-06 16:38:00'),(356,20,56,70,'2018-01-06 16:38:00','2018-01-06 16:38:00'),(357,21,56,64,'2018-01-06 16:38:00','2018-01-06 16:38:00'),(358,22,56,42,'2018-01-06 16:38:00','2018-01-06 16:38:00'),(359,23,56,35,'2018-01-06 16:38:01','2018-01-06 16:38:01'),(360,24,56,40,'2018-01-06 16:38:01','2018-01-06 16:38:01'),(361,25,56,36,'2018-01-06 16:38:01','2018-01-06 16:38:01'),(362,26,56,47,'2018-01-06 16:38:01','2018-01-06 16:38:01'),(363,27,56,36,'2018-01-06 16:38:01','2018-01-06 16:38:01'),(364,1,57,232,'2018-02-12 07:14:54','2018-02-12 07:14:54'),(365,2,57,270,'2018-02-12 07:14:54','2018-02-12 07:14:54'),(366,3,57,221,'2018-02-12 07:14:54','2018-02-12 07:14:54'),(367,5,57,192,'2018-02-12 07:14:54','2018-02-12 07:14:54'),(368,6,57,157,'2018-02-12 07:14:54','2018-02-12 07:14:54'),(369,7,57,225,'2018-02-12 07:14:54','2018-02-12 07:14:54'),(370,14,57,172,'2018-02-12 07:14:54','2018-02-12 07:14:54'),(371,16,57,106,'2018-02-12 07:14:54','2018-02-12 07:14:54'),(372,17,57,102,'2018-02-12 07:14:54','2018-02-12 07:14:54'),(373,21,57,116,'2018-02-12 07:14:54','2018-02-12 07:14:54'),(374,22,57,95,'2018-02-12 07:14:54','2018-02-12 07:14:54'),(375,25,57,85,'2018-02-12 07:14:54','2018-02-12 07:14:54'),(376,26,57,87,'2018-02-12 07:14:54','2018-02-12 07:14:54'),(378,1,59,236,'2018-03-01 12:33:48','2018-03-01 12:33:48'),(379,2,59,254,'2018-03-01 12:33:48','2018-03-01 12:33:48'),(380,3,59,214,'2018-03-01 12:33:48','2018-03-01 12:33:48'),(381,6,59,155,'2018-03-01 12:33:48','2018-03-01 12:33:48'),(382,7,59,219,'2018-03-01 12:33:48','2018-03-01 12:33:48'),(383,14,59,173,'2018-03-01 12:33:48','2018-03-01 12:33:48'),(384,16,59,135,'2018-03-01 12:33:48','2018-03-01 12:33:48'),(385,17,59,141,'2018-03-01 12:33:48','2018-03-01 12:33:48'),(386,22,59,110,'2018-03-01 12:33:48','2018-03-01 12:33:48'),(387,25,59,104,'2018-03-01 12:33:49','2018-03-01 12:33:49'),(388,26,59,105,'2018-03-01 12:33:49','2018-03-01 12:33:49'),(389,1,60,237,'2018-03-18 15:36:56','2018-03-18 15:36:56'),(390,2,60,264,'2018-03-18 15:36:56','2018-03-18 15:36:56'),(391,3,60,225,'2018-03-18 15:36:56','2018-03-18 15:36:56'),(392,6,60,167,'2018-03-18 15:36:56','2018-03-18 15:36:56'),(393,7,60,224,'2018-03-18 15:36:56','2018-03-18 15:36:56'),(394,14,60,188,'2018-03-18 15:36:56','2018-03-18 15:36:56'),(395,16,60,150,'2018-03-18 15:36:56','2018-03-18 15:36:56'),(396,22,60,153,'2018-03-18 15:36:56','2018-03-18 15:36:56'),(397,26,60,119,'2018-03-18 15:36:56','2018-03-18 15:36:56'),(398,1,61,240,'2018-04-01 08:20:40','2018-04-01 08:20:40'),(399,2,61,253,'2018-04-01 08:20:40','2018-04-01 08:20:40'),(400,3,61,205,'2018-04-01 08:20:40','2018-04-01 08:20:40'),(401,6,61,164,'2018-04-01 08:20:40','2018-04-01 08:20:40'),(402,7,61,224,'2018-04-01 08:20:40','2018-04-01 08:20:40'),(403,1,62,240,'2018-04-08 14:09:58','2018-04-08 14:09:58'),(404,2,62,262,'2018-04-08 14:09:58','2018-04-08 14:09:58'),(405,3,62,220,'2018-04-08 14:09:58','2018-04-08 14:09:58'),(406,6,62,165,'2018-04-08 14:09:58','2018-04-08 14:09:58'),(407,7,62,238,'2018-04-08 14:09:58','2018-04-08 14:09:58'),(408,1,63,241,'2018-04-21 16:02:43','2018-04-21 16:02:43'),(409,2,63,258,'2018-04-21 16:02:43','2018-04-21 16:02:43'),(410,3,63,219,'2018-04-21 16:02:43','2018-04-21 16:02:43'),(411,6,63,168,'2018-04-21 16:02:43','2018-04-21 16:02:43'),(412,7,63,230,'2018-04-21 16:02:43','2018-04-21 16:02:43'),(413,1,64,233,'2018-05-13 07:25:29','2018-05-13 07:25:29'),(414,2,64,253,'2018-05-13 07:25:29','2018-05-13 07:25:29'),(415,3,64,213,'2018-05-13 07:25:29','2018-05-13 07:25:29'),(416,6,64,162,'2018-05-13 07:25:29','2018-05-13 07:25:29'),(417,7,64,237,'2018-05-13 07:25:29','2018-05-13 07:25:29'),(418,1,65,232,'2018-05-20 15:53:02','2018-05-20 15:53:02'),(419,2,65,245,'2018-05-20 15:53:02','2018-05-20 15:53:02'),(420,3,65,212,'2018-05-20 15:53:02','2018-05-20 15:53:02'),(421,6,65,157,'2018-05-20 15:53:02','2018-05-20 15:53:02'),(422,7,65,235,'2018-05-20 15:53:02','2018-05-20 15:53:02');
/*!40000 ALTER TABLE `weights` ENABLE KEYS */;
UNLOCK TABLES;
/*!40103 SET TIME_ZONE=@OLD_TIME_ZONE */;

/*!40101 SET SQL_MODE=@OLD_SQL_MODE */;
/*!40014 SET FOREIGN_KEY_CHECKS=@OLD_FOREIGN_KEY_CHECKS */;
/*!40014 SET UNIQUE_CHECKS=@OLD_UNIQUE_CHECKS */;
/*!40101 SET CHARACTER_SET_CLIENT=@OLD_CHARACTER_SET_CLIENT */;
/*!40101 SET CHARACTER_SET_RESULTS=@OLD_CHARACTER_SET_RESULTS */;
/*!40101 SET COLLATION_CONNECTION=@OLD_COLLATION_CONNECTION */;
/*!40111 SET SQL_NOTES=@OLD_SQL_NOTES */;

-- Dump completed on 2018-05-20 15:55:02
